SALE TYPE,SOLD DATE,PROPERTY TYPE,ADDRESS,CITY,STATE,ZIP,PRICE,BEDS,BATHS,LOCATION,SQUARE FEET,LOT SIZE,YEAR BUILT,DAYS ON MARKET,$/SQUARE FEET,HOA/MONTH,STATUS,NEXT OPEN HOUSE START TIME,NEXT OPEN HOUSE END TIME,URL (SEE http://www.redfin.com/buy-a-home/comparative-market-analysis FOR INFO ON PRICING),SOURCE,MLS#,FAVORITE,INTERESTED,LATITUDE,LONGITUDE
PAST SALE,December-28-2012,Single Family Residential,13 Parker Rd,Asheville,NC,28803,130000,1,1.0,Asheville,652,4791,1926,1931,199,,Sold,,,http://www.redfin.com/NC/Asheville/13-Parker-Rd-28803/home/102042340,CMLS,NCM521513,N,Y,35.572435,-82.516026
PAST SALE,August-29-2014,Single Family Residential,85 Third St,Asheville,NC,28803,128000,2,2.0,Asheville,1115,16117,1983,1322,115,,Sold,,,http://www.redfin.com/NC/ASHEVILLE/85-3RD-ST-28803/home/111270318,CMLS,NCM566960,N,Y,35.569645,-82.52509
PAST SALE,January-9-2017,Single Family Residential,500 Fairview Rd,Asheville,NC,28803,220000,2,1.0,Asheville,1108,7405,1936,458,199,,Sold,,,http://www.redfin.com/NC/Asheville/500-Fairview-Rd-28803/home/111341716,CMLS,3204678,N,Y,35.566772,-82.52327
PAST SALE,August-21-2015,Single Family Residential,18 First St,Asheville,NC,28803,125000,2,1.0,Asheville,986,10890,1925,965,127,,Sold,,,http://www.redfin.com/NC/Asheville/18-Lawterdale-Circle-1-28804/home/111279364,CMLS,NCM589146,N,Y,35.568494,-82.528449
PAST SALE,March-2-2016,Single Family Residential,522 Fairview Rd,Asheville,NC,28803,241000,3,2.0,Asheville,1290,5837,2012,771,187,,Sold,,,http://www.redfin.com/NC/Asheville/522-Fairview-Rd-28803/home/102026277,CMLS,3118759,N,Y,35.5665594,-82.5224025
PAST SALE,June-13-2016,Single Family Residential,7 Broadview Dr,Asheville,NC,28803,220000,3,2.0,Asheville,1472,13068,1955,668,149,,Sold,,,http://www.redfin.com/NC/Asheville/7-Broadview-Dr-28803/home/102028950,CMLS,3166146,N,Y,35.5638648,-82.5037253
PAST SALE,December-22-2015,Single Family Residential,10 Stoner Rd,Asheville,NC,28803,80000,4,2.0,Asheville,1786,7840,2005,842,45,,Sold,,,http://www.redfin.com/NC/Asheville/10-Stoner-Rd-28803/home/102029705,CMLS,NCM593467,N,Y,35.5680937,-82.5341198
PAST SALE,July-31-2015,Single Family Residential,8 Melody Ln,Asheville,NC,28803,169900,2,1.0,Asheville,884,10018,1960,986,192,,Sold,,,http://www.redfin.com/NC/Asheville/8-Melody-Ln-28803/home/102038009,CMLS,NCM587879,N,Y,35.5676729,-82.532133
PAST SALE,February-20-2014,Single Family Residential,341 Fairview Rd,Asheville,NC,28803,110000,2,1.0,Oakley,780,,1952,1512,141,,Sold,,,http://www.redfin.com/NC/Asheville/341-Fairview-Rd-28803/home/102038155,NCMMLS,NCM554004,N,Y,35.5672652,-82.5296058
PAST SALE,December-13-2013,Single Family Residential,2 Greenwood Rd,Asheville,NC,28803,220000,3,3.0,Oakley,1700,,2013,1581,129,,Sold,,,http://www.redfin.com/NC/Asheville/2-Greenwood-Rd-28803/home/102039039,NCMMLS,NCM542000,N,Y,35.5632427,-82.5104233
PAST SALE,September-18-2015,Single Family Residential,123 Glendale Ave,Asheville,NC,28803,176000,2,1.5,Asheville,1050,18295,1975,937,168,,Sold,,,http://www.redfin.com/NC/Asheville/123-Glendale-Ave-28803/home/102040413,CMLS,NCM590419,N,Y,35.5695663,-82.5220611
PAST SALE,October-2-2015,Single Family Residential,65 Oakley Rd,Asheville,NC,28803,192000,3,1.5,Asheville,1890,27007,1947,923,102,,Sold,,,http://www.redfin.com/NC/Asheville/65-Oakley-Rd-28803/home/102044584,CMLS,NCM593713,N,Y,35.5635728,-82.5089059
PAST SALE,January-31-2014,Single Family Residential,40 Sayles,Asheville,NC,28803,183400,2,1.0,Sayles Village,1437,,1926,1532,128,,Sold,,,http://www.redfin.com/NC/Asheville/40-Sayles-Rd-28803/home/102045060,NCMMLS,NCM534977,N,Y,35.570411,-82.5147089
PAST SALE,April-29-2014,Single Family Residential,95 Unaka Ave,Asheville,NC,28803,107000,2,1.0,Oakley,940,,1947,1444,114,,Sold,,,http://www.redfin.com/NC/Asheville/95-Unaka-Ave-28803/home/102045514,NCMMLS,NCM555299,N,Y,35.5633436,-82.5233089
PAST SALE,March-25-2014,Single Family Residential,64 Third St,Asheville,NC,28803,82000,3,1.0,Asheville,1232,,1946,1479,67,,Sold,,,http://www.redfin.com/NC/Asheville/64-Third-St-28803/home/102048352,NCMMLS,NCM546889,N,Y,35.5686743,-82.5256652
PAST SALE,June-24-2015,Single Family Residential,24 Blalock Ave,Asheville,NC,28803,200000,3,2.0,Asheville,1196,6534,2014,1023,167,,Sold,,,http://www.redfin.com/NC/Asheville/24-Blalock-Ave-28803/home/102049172,CMLS,NCM580771,N,Y,35.5677528,-82.5215633
PAST SALE,November-15-2013,Single Family Residential,5 Oaken Ct,Asheville,NC,28803,130000,2,1.0,Twin Springs,837,,1999,1609,155,,Sold,,,http://www.redfin.com/NC/Asheville/5-Oaken-Ct-28803/home/102050960,NCMMLS,NCM536431,N,Y,35.5633022,-82.5042396
PAST SALE,April-22-2016,Single Family Residential,343 Fairview Rd,Asheville,NC,28803,247000,3,1.0,Asheville,1605,14374,1925,720,154,,Sold,,,http://www.redfin.com/NC/Asheville/343-Fairview-Rd-28803/home/102051261,CMLS,3154141,N,Y,35.5675581,-82.5295967
PAST SALE,May-6-2016,Single Family Residential,7 E Wren Way E,Asheville,NC,28803,198000,3,2.0,Asheville,1224,5227,2002,706,162,,Sold,,,http://www.redfin.com/NC/Asheville/7-Wren-Way-Dr-28803/home/104105854,CMLS,3154883,N,Y,35.5643311,-82.5214375
PAST SALE,October-5-2016,Single Family Residential,92 East St,Asheville,NC,28803,55000,3,1.0,Asheville,,19166,1942,554,,,Sold,,,http://www.redfin.com/NC/Asheville/92-East-St-28803/home/104328605,CMLS,3163495,N,Y,35.5703347,-82.5321701
PAST SALE,December-16-2016,Single Family Residential,504 Fairview Rd,Asheville,NC,28803,269900,3,2.0,Asheville,1335,5227,2016,482,202,,Sold,,,http://www.redfin.com/NC/Asheville/504-Fairview-Rd-28803/home/105435697,CMLS,3171947,N,Y,35.566685,-82.5231339
PAST SALE,July-12-2016,Single Family Residential,365 Fairview Rd,Asheville,NC,28803,180000,2,2.0,Asheville,996,15245,1927,639,181,,Sold,,,http://www.redfin.com/NC/Asheville/365-Fairview-Rd-28803/home/105951569,CMLS,3182721,N,Y,35.5675594,-82.5287618
PAST SALE,January-30-2017,Single Family Residential,18 Main St,Asheville,NC,28803,290000,3,2.0,Asheville,1642,10454,1961,437,177,,Sold,,,http://www.redfin.com/NC/Asheville/18-Main-St-28803/home/108622477,CMLS,3209652,N,Y,35.5663349,-82.5276944
PAST SALE,August-8-2012,Single Family Residential,4 Dawson Pl,Asheville,NC,28803,88200,3,2.0,Asheville,1204,5662,2000,2073,73,,Sold,,,http://www.redfin.com/NC/Asheville/4-Dawson-Pl-28803/home/111247328,CMLS,NCM514691,N,Y,35.5682703,-82.5191545
PAST SALE,,Single Family Residential,46 Onteora Blvd,Asheville,NC,28803,125000,3,1.0,,1463,16988,1953,,85,,,,,http://www.redfin.com/NC/Asheville/46-Onteora-Blvd-28803/home/110925073,,,N,Y,35.562342,-82.50998
PAST SALE,,Vacant Land,Cheerio Ln,Asheville,NC,28803,95000,,,,,54886,,,,,,,,http://www.redfin.com/NC/Asheville/Cheerio-Ln-28803/home/110877809,,,N,Y,35.569514,-82.514656
PAST SALE,June-7-2017,Single Family Residential,33 Cedar Smt,Asheville,NC,28803,520000,3,3.0,Cedarwood Estates,2426,31363,1993,309,214,40,Sold,,,http://www.redfin.com/NC/Asheville/33-Cedar-St-28803/home/113864409,NCMMLS,3277971,N,Y,35.5658759,-82.5127575
PAST SALE,March-31-2017,Single Family Residential,27 Crestview St #8,Asheville,NC,28803,319900,3,3.5,Asheville,1600,5227,2017,377,200,,Sold,,,http://www.redfin.com/NC/Asheville/27-Crestview-St-28803/unit-8/home/113173258,CMLS,3254862,N,Y,35.5673099,-82.5229708
PAST SALE,June-8-2017,Vacant Land,"London Rd Unit 2,3",Asheville,NC,28803,76000,,,Asheville,,11761,,308,,,Sold,,,http://www.redfin.com/NC/Asheville/3-London-Rd-28803/unit-2-3/home/145052285,CMLS,3272460,N,Y,35.5657439,-82.5384803
PAST SALE,May-31-2017,Single Family Residential,14 Gracious Ln,Asheville,NC,28803,285000,3,2.5,Asheville,1450,4791,2012,316,197,,Sold,,,http://www.redfin.com/NC/Asheville/14-Gracious-Ln-28803/home/111095454,CMLS,3269762,N,Y,35.5667415,-82.5221878
PAST SALE,October-30-2017,Single Family Residential,51 Shannon Dr Unit 4 & 9,Asheville,NC,28803,179000,3,1.0,Asheville,951,17424,1965,164,188,,Sold,,,http://www.redfin.com/NC/Asheville/51-Shannon-Dr-28803/unit-4-9/home/143318587,CMLS,3311172,N,Y,35.5623504,-82.5216039
PAST SALE,,Vacant Land,29 Crestview St,Asheville,NC,28803,308000,,,,,6970,,,,,,,,http://www.redfin.com/NC/Asheville/29-Crestview-St-28803/home/109484310,,,N,Y,35.567467,-82.5230386
PAST SALE,November-1-2017,Single Family Residential,4 Main St,Asheville,NC,28803,274500,3,3.0,Asheville,1367,8712,2007,162,201,,Sold,,,http://www.redfin.com/NC/Asheville/4-Main-St-28803/home/110859083,CMLS,3313840,N,Y,35.5671798,-82.5276098
PAST SALE,August-29-2017,Single Family Residential,38 Lowe Ave,Asheville,NC,28803,159900,2,1.0,Asheville,864,8276,1998,226,185,,Sold,,,http://www.redfin.com/NC/Asheville/38-Lowe-Ave-28803/home/111230092,CMLS,3305282,N,Y,35.5692601,-82.5238753
PAST SALE,,Single Family Residential,51 Shannon Dr,Asheville,NC,28803,179000,2,1.0,,912,17424,1965,,196,,,,,http://www.redfin.com/NC/Asheville/51-Shannon-Dr-28803/home/111277697,,,N,Y,35.5623711,-82.5215907
PAST SALE,,Condo/Co-op,75 Thompson St,Asheville,NC,28803,240000,1,1.0,,924,,1916,,260,,,,,http://www.redfin.com/NC/Asheville/75-Thompson-St-28803/home/111293147,,,N,Y,35.5686569,-82.5387482
PAST SALE,November-3-2017,Single Family Residential,66 Lincoln Ave,Asheville,NC,28803,298650,3,2.5,Asheville,1320,5227,2014,160,226,,Sold,,,http://www.redfin.com/NC/Asheville/66-Lincoln-Ave-28803/home/110916470,CMLS,3311086,N,Y,35.559794,-82.5099691
PAST SALE,April-3-2017,Single Family Residential,27 Greenwood Rd #2,Asheville,NC,28803,286000,3,2.5,Asheville,1516,5227,2016,374,189,,Sold,,,http://www.redfin.com/NC/Asheville/27-Greenwood-Rd-28803/unit-2/home/108599487,CMLS,3238782,N,Y,35.562927,-82.5097545
PAST SALE,March-31-2017,Single Family Residential,52 Onteora Blvd,Asheville,NC,28803,212000,3,2.0,Asheville,1734,17859,1929,377,122,,Sold,,,http://www.redfin.com/NC/Asheville/52-Onteora-Blvd-28803/home/102032621,CMLS,3247763,N,Y,35.5622061,-82.5091336
PAST SALE,March-29-2017,Single Family Residential,19 Ridge Ave,Asheville,NC,28803,210000,3,1.0,Asheville,922,10890,1969,379,228,,Sold,,,http://www.redfin.com/NC/Asheville/19-Ridge-Ave-28803/home/102044277,CMLS,3244850,N,Y,35.5655676,-82.5269757
PAST SALE,March-30-2017,Single Family Residential,52 Raleigh Rd,Asheville,NC,28803,197950,2,2.0,Asheville,1168,13939,1956,378,169,,Sold,,,http://www.redfin.com/NC/Asheville/52-Raleigh-Rd-28803/home/110168155,CMLS,3232681,N,Y,35.5582562,-82.5103817
PAST SALE,May-8-2017,Single Family Residential,26 Winding Rd,Asheville,NC,28803,275000,4,3.0,Asheville,1864,8712,2004,339,148,,Sold,,,http://www.redfin.com/NC/Asheville/26-Winding-Rd-28803/home/110824704,CMLS,3265271,N,Y,35.5704765,-82.5293438
PAST SALE,,Vacant Land,Baldwin St,Asheville,NC,28803,56000,,,,,10019,,,,,,,,http://www.redfin.com/NC/Asheville/Baldwin-St-28803/home/110872338,,,N,Y,35.565607,-82.512152
PAST SALE,April-18-2017,Condo/Co-op,75 Thompson St Unit J,Asheville,NC,28803,244000,1,1.0,Asheville,820,,1916,359,298,250,Sold,,,http://www.redfin.com/NC/Asheville/75-Thompson-St-28803/unit-J/home/111266280,CMLS,3263574,N,Y,35.5686569,-82.5387482
PAST SALE,April-7-2017,Single Family Residential,160 Onteora Blvd,Asheville,NC,28803,150000,3,1.0,Asheville,910,18730,1946,370,165,,Sold,,,http://www.redfin.com/NC/Asheville/160-Onteora-Blvd-28803/home/111269881,CMLS,3267565,N,Y,35.560663,-82.505964
PAST SALE,September-22-2017,Single Family Residential,9 Main St,Asheville,NC,28803,245000,4,2.0,Asheville,1842,9583,1969,202,133,,Sold,,,http://www.redfin.com/NC/Asheville/9-Main-St-28803/home/102044098,CMLS,3307787,N,Y,35.5669058,-82.5279903
PAST SALE,,Multi-Family (5+ Unit),100 Cheerio Ln,Asheville,NC,28803,8000000,,,,31183,347173,1979,,257,,,,,http://www.redfin.com/NC/Asheville/100-Cheerio-Ln-28803/home/110868073,,,N,Y,35.5702742,-82.5166747
PAST SALE,July-14-2017,Single Family Residential,605 Fairview Rd,Asheville,NC,28803,337500,3,2.0,Asheville,1935,39639,1921,272,174,,Sold,,,http://www.redfin.com/NC/Asheville/605-Fairview-Rd-28803/home/110935160,CMLS,3260584,N,Y,35.5651444,-82.5191334
PAST SALE,September-18-2017,Single Family Residential,115 Onteora Blvd,Asheville,NC,28803,210000,2,1.0,Asheville,1005,14374,1951,206,209,,Sold,,,http://www.redfin.com/NC/Asheville/115-Onteora-Blvd-28803/home/110970718,CMLS,3297390,N,Y,35.5615314,-82.508383
PAST SALE,,Single Family Residential,50 Shady Oak Dr,Asheville,NC,28803,280000,3,2.0,,1248,8712,2002,,224,,,,,http://www.redfin.com/NC/Asheville/50-Shady-Oak-Dr-28803/home/111005124,,,N,Y,35.5617412,-82.5372477
PAST SALE,July-27-2017,Single Family Residential,51 Merchant St,Asheville,NC,28803,175000,2,1.0,Asheville,686,11325,1948,259,255,,Sold,,,http://www.redfin.com/NC/Asheville/51-Merchant-St-28803/home/111154273,CMLS,3288161,N,Y,35.563613,-82.5179178
PAST SALE,,Single Family Residential,179 Porter Rd,Asheville,NC,28803,249000,2,1.0,,1286,37026,1960,,194,,,,,http://www.redfin.com/NC/Asheville/179-Porter-Rd-28803/home/111206465,,,N,Y,35.5577339,-82.5084641
PAST SALE,December-11-2015,Single Family Residential,18 Ridgecrest Rd,Asheville,NC,28803,330000,4,2.5,Asheville,2726,16988,2005,853,121,,Sold,,,http://www.redfin.com/NC/Asheville/18-Ridgecrest-Rd-28803/home/102026068,CMLS,3122682,N,Y,35.5649807,-82.5093156
PAST SALE,December-29-2015,Single Family Residential,4 Ridge Ave,Asheville,NC,28803,174500,3,3.0,Asheville,1420,13068,1954,835,123,,Sold,,,http://www.redfin.com/NC/Asheville/4-Ridge-Ave-28803/home/102028227,CMLS,NCM593053,N,Y,35.5663784,-82.5263416
PAST SALE,December-30-2013,Single Family Residential,219 Merchant St,Asheville,NC,28803,139000,3,2.0,Asheville,1443,,2003,1564,96,,Sold,,,http://www.redfin.com/NC/Asheville/219-Merchant-St-28803/home/102034526,NCMMLS,NCM548453,N,Y,35.5591488,-82.5160258
PAST SALE,June-6-2014,Single Family Residential,45 East St,Asheville,NC,28803,128500,3,2.0,Oakley,1568,,2002,1406,82,,Sold,,,http://www.redfin.com/NC/Asheville/45-East-St-28803/home/102043047,NCMMLS,NCM554480,N,Y,35.5691707,-82.5295544
PAST SALE,November-17-2016,Single Family Residential,69 East St,Asheville,NC,28803,155000,3,1.0,Asheville,1403,31363,1921,511,110,,Sold,,,http://www.redfin.com/NC/Asheville/69-East-St-28803/home/108955734,CMLS,3211577,N,Y,35.5700205,-82.5302663
PAST SALE,June-5-2013,Single Family Residential,128 MERCHANT St,Asheville,NC,28803,160000,3,1.0,Asheville,980,6534,,1772,163,,Sold,,,http://www.redfin.com/NC/Asheville/128-Merchant-St-28803/home/102032099,CMLS,NCM536178,N,Y,35.5615843,-82.5163957
PAST SALE,June-2-2015,Single Family Residential,10 Mctindal Cir,Asheville,NC,28803,192000,3,2.5,Asheville,1280,9147,2001,1045,150,,Sold,,,http://www.redfin.com/NC/Asheville/10-McTindal-Cir-28803/home/102035310,CMLS,NCM578540,N,Y,35.5622836,-82.5047741
PAST SALE,April-20-2015,Single Family Residential,93 Raleigh Rd,Asheville,NC,28803,165000,3,1.0,Asheville,1142,26136,1949,1088,144,,Sold,,,http://www.redfin.com/NC/Asheville/93-Raleigh-Rd-28803/home/102038319,CMLS,NCM516611,N,Y,35.5581645,-82.5056892
PAST SALE,August-21-2013,Single Family Residential,242 Brooklyn Ln,Asheville,NC,28803,125000,2,1.0,Asheville,900,,1961,1695,139,,Sold,,,http://www.redfin.com/NC/Asheville/242-Brooklyn-Ln-28803/home/102038404,NCMMLS,NCM540750,N,Y,35.559287,-82.5333166
PAST SALE,April-27-2015,Single Family Residential,3 Freedom Ln,Asheville,NC,28803,230000,3,2.5,Asheville,1528,12632,2005,1081,151,,Sold,,,http://www.redfin.com/NC/Asheville/3-Freedom-Ln-28803/home/102040609,CMLS,NCM575669,N,Y,35.5595878,-82.5136111
PAST SALE,April-10-2014,Single Family Residential,103 Merchant St,Asheville,NC,28803,183000,3,2.0,Oakley,1448,,1978,1463,126,,Sold,,,http://www.redfin.com/NC/Asheville/103-Merchant-St-28803/home/102042850,NCMMLS,NCM556034,N,Y,35.5621714,-82.5174633
PAST SALE,October-12-2015,Single Family Residential,227 Merchant St,Asheville,NC,28803,245000,3,2.5,Asheville,1584,10890,2004,913,155,,Sold,,,http://www.redfin.com/NC/Asheville/227-Merchant-St-28803/home/102050727,CMLS,NCM593188,N,Y,35.5590576,-82.5152347
PAST SALE,April-4-2014,Single Family Residential,162 Onteora Blvd,Asheville,NC,28805,172000,3,2.0,Oakley,1344,,1951,1469,128,,Sold,,,http://www.redfin.com/NC/Asheville/162-Onteora-Blvd-28803/home/102051247,NCMMLS,NCM546362,N,Y,35.5605104,-82.5057929
PAST SALE,June-22-2016,Single Family Residential,45 Shady Oak Dr,Asheville,NC,28803,142000,2,1.0,Asheville,844,12196,1951,659,168,,Sold,,,http://www.redfin.com/NC/Asheville/45-Shady-Oak-Dr-28803/home/105540987,CMLS,3178363,N,Y,35.5620912,-82.538093
PAST SALE,July-13-2016,Single Family Residential,21 Winston Ave,Asheville,NC,28803,250000,3,1.0,Asheville,1134,26136,1952,638,220,,Sold,,,http://www.redfin.com/NC/Asheville/21-Winston-Ave-28803/home/105674036,CMLS,3176574,N,Y,35.559198,-82.5099793
PAST SALE,August-31-2016,Single Family Residential,6 Saint Davids #3,Asheville,NC,28803,244000,3,2.0,Oakley,1383,7405,2002,589,176,,Sold,,,http://www.redfin.com/NC/Asheville/6-Saint-Davids-Ct-28803/home/107127039,NCMMLS,3186368,N,Y,35.5613432,-82.5123472
PAST SALE,September-16-2016,Single Family Residential,22 Harmon Cir,Asheville,NC,28803,192000,3,1.5,Asheville,1000,10890,1984,573,192,,Sold,,,http://www.redfin.com/NC/Asheville/22-Harmon-Cir-28803/home/108309393,CMLS,3196308,N,Y,35.5623206,-82.5205497
PAST SALE,October-28-2016,Single Family Residential,9 Belvedere Rd,Asheville,NC,28803,115000,2,1.0,Asheville,950,8276,1958,531,121,,Sold,,,http://www.redfin.com/NC/Asheville/9-Belvedere-Rd-28803/home/108458686,CMLS,3201085,N,Y,35.559782,-82.5323867
PAST SALE,October-13-2016,Single Family Residential,9 Cypress Dr,Asheville,NC,28803,163000,2,1.0,Asheville,765,7405,1963,546,213,,Sold,,,http://www.redfin.com/NC/Asheville/9-Cypress-Dr-28803/home/108687356,CMLS,3210360,N,Y,35.5627335,-82.5189854
PAST SALE,January-30-2017,Single Family Residential,41 W Raleigh Rd,Asheville,NC,28803,275000,3,2.0,Asheville,1446,32234,1965,437,190,,Sold,,,http://www.redfin.com/NC/Asheville/41-W-Raleigh-Rd-28803/home/110882614,CMLS,3236528,N,Y,35.5582951,-82.5119463
PAST SALE,,Single Family Residential,78 Crayton Rd,Asheville,NC,28803,44000,3,1.5,,1092,15682,1963,,40,,,,,http://www.redfin.com/NC/Asheville/78-Crayton-Rd-28803/home/110935303,,,N,Y,35.5577512,-82.5161103
PAST SALE,June-4-2012,Single Family Residential,70 LINCOLN Ave,Asheville,NC,28803,202000,4,2.0,Asheville,1976,10018,1937,2138,102,,Sold,,,http://www.redfin.com/NC/Asheville/70-Lincoln-Ave-28803/home/110969960,CMLS,NCM516287,N,Y,35.5594454,-82.5100264
PAST SALE,July-27-2012,Single Family Residential,102 Iris St,Asheville,NC,28803,155000,3,2.0,Asheville,1304,12196,2011,2085,119,,Sold,,,http://www.redfin.com/NC/Asheville/102-Iris-St-28803/home/111178553,CMLS,NCM510154,N,Y,35.5599896,-82.5350497
PAST SALE,October-11-2017,Single Family Residential,43 Onteora Blvd,Asheville,NC,28803,325000,4,2.0,Asheville,2005,25264,1951,183,162,,Sold,,,http://www.redfin.com/NC/Asheville/43-Onteora-Blvd-28803/home/111193124,CMLS,3291318,N,Y,35.5625136,-82.5106558
PAST SALE,November-14-2016,Condo/Co-op,8 Village Ln #301,Asheville,NC,28803,460000,2,2.0,Asheville,1938,,1931,514,237,460,Sold,,,http://www.redfin.com/NC/Asheville/8-Village-Ln-28803/unit-301/home/145014430,CMLS,3230201,N,Y,35.5645684,-82.5413687
PAST SALE,July-24-2015,Vacant Land,100 Fairview,Asheville,NC,28803,3300000,0,,Asheville,,,,993,,,Sold,,,http://www.redfin.com/NC/Asheville/100-Fairview-Rd-28803/home/102059943,NCMMLS,NCM550588,N,Y,35.5679298,-82.5373612
PAST SALE,March-31-2017,Single Family Residential,40 East St,Asheville,NC,28803,320100,3,2.5,Asheville,1650,5227,2006,377,194,,Sold,,,http://www.redfin.com/NC/Asheville/40-East-St-28803/home/111016455,CMLS,3236934,N,Y,35.5687745,-82.5299979
PAST SALE,,Vacant Land,28 Wanoca Ave,Asheville,NC,28803,259000,,,,,8276,,,,,,,,http://www.redfin.com/NC/Asheville/28-Wanoca-Ave-28803/home/111185793,,,N,Y,35.5654537,-82.522851
PAST SALE,March-24-2017,Condo/Co-op,75 Thompson St Unit A,Asheville,NC,28803,237500,1,1.0,Asheville,838,,1916,384,283,250,Sold,,,http://www.redfin.com/NC/Asheville/75-Thompson-St-28803/unit-A/home/111120152,CMLS,3251080,N,Y,35.5686569,-82.5387482
PAST SALE,April-4-2012,Single Family Residential,17 Lincoln Ave,Asheville,NC,28803,220000,4,2.0,Asheville,2028,21344,1928,2199,108,,Sold,,,http://www.redfin.com/NC/Asheville/17-Lincoln-Ave-28803/home/110873073,CMLS,NCM512862,N,Y,35.5615932,-82.5099928
PAST SALE,November-17-2016,Single Family Residential,59 East St,Asheville,NC,28803,80000,2,1.0,Asheville,978,6534,1923,511,82,,Sold,,,http://www.redfin.com/NC/Asheville/59-East-St-28803/home/108955741,CMLS,3211817,N,Y,35.5697973,-82.5300617
PAST SALE,July-13-2012,Single Family Residential,116 ONTEORA Blvd,Asheville,NC,28803,192000,2,1.0,Asheville,1186,25700,1948,2099,162,,Sold,,,http://www.redfin.com/NC/Asheville/116-Onteora-Blvd-28803/home/111211639,CMLS,NCM510378,N,Y,35.5618575,-82.508037
PAST SALE,September-9-2016,Single Family Residential,39 Cedar Hill Dr #10,Asheville,NC,28803,1747650,5,5.0,Asheville,5827,50529,2001,580,300,,Sold,,,http://www.redfin.com/NC/Asheville/39-Cedar-St-28803/unit-10/home/116677312,CMLS,3193327,N,Y,35.5660342,-82.5128577
PAST SALE,March-26-2015,Single Family Residential,192 Glendale Ave,Asheville,NC,28803,177000,3,2.0,Oakley,1204,,1999,1113,147,,Sold,,,http://www.redfin.com/NC/Asheville/192-Glendale-Ave-28803/home/102041821,NCMMLS,NCM573673,N,Y,35.5676289,-82.5198979
PAST SALE,April-10-2015,Single Family Residential,130 Glendale Ave,Asheville,NC,28803,112000,2,1.0,Oakley,950,,1946,1098,118,,Sold,,,http://www.redfin.com/NC/Asheville/130-Glendale-Ave-28803/home/102037620,NCMMLS,NCM576908,N,Y,35.5697596,-82.5210676
PAST SALE,February-19-2016,Single Family Residential,11 Williamsburg Pl,Asheville,NC,28803,215000,3,2.5,Asheville,2496,20908,1993,783,86,,Sold,,,http://www.redfin.com/NC/Asheville/11-Williamsburg-Pl-28803/home/102026489,CMLS,3123441,N,Y,35.5609434,-82.5182243
PAST SALE,April-17-2015,Single Family Residential,4 Belvedere Rd,Asheville,NC,28803,152500,3,1.0,Asheville,950,7840,1957,1091,161,,Sold,,,http://www.redfin.com/NC/Asheville/4-Belvedere-Rd-28803/home/102036998,CMLS,NCM576734,N,Y,35.5591417,-82.5323453
PAST SALE,August-23-2016,Single Family Residential,508 Fairview #3,Asheville,NC,28803,259900,3,2.0,Asheville,1335,5227,2016,597,195,,Sold,,,http://www.redfin.com/NC/Asheville/508-Fairview-Rd-28803/home/108359366,NCMMLS,3197607,N,Y,35.5666701,-82.5229584
PAST SALE,April-10-2015,Single Family Residential,47 Cleveland Ave,Asheville,NC,28803,98000,2,2.0,Asheville,864,,1951,1098,113,,Sold,,,http://www.redfin.com/NC/Asheville/47-Cleveland-Ave-28803/home/102039738,NCMMLS,NCM575122,N,Y,35.5600799,-82.5078428
PAST SALE,August-3-2015,Single Family Residential,104 IRIS St,Asheville,NC,28803,215000,3,2.0,Asheville,1337,14810,2013,983,161,,Sold,,,http://www.redfin.com/NC/Asheville/104-Iris-St-28803/home/102033093,CMLS,NCM587203,N,Y,35.5598143,-82.5349652
PAST SALE,October-30-2014,Single Family Residential,119 Shady Oak Dr,Asheville,NC,28803,177000,3,2.0,Chedworth Hills,1742,,2001,1260,102,,Sold,,,http://www.redfin.com/NC/Asheville/119-Shady-Oak-Dr-28803/home/102048210,NCMMLS,NCM569251,N,Y,35.5595449,-82.5361064
PAST SALE,November-22-2013,Single Family Residential,24 Iris,Asheville,NC,28803,90000,3,2.0,Chedworth Hills,1056,,1994,1602,85,,Sold,,,http://www.redfin.com/NC/Asheville/24-Iris-St-28803/home/102048497,NCMMLS,NCM548024,N,Y,35.5590733,-82.5346693
PAST SALE,December-4-2012,Single Family Residential,107 FAIRVIEW OAKS Ln,Asheville,NC,28803,205000,3,2.5,Asheville,1662,5227,2007,1955,123,,Sold,,,http://www.redfin.com/NC/Asheville/107-Fairview-Oaks-Ln-28803/home/102034466,CMLS,NCM512383,N,Y,35.5671798,-82.5241856
PAST SALE,June-12-2014,Single Family Residential,18 Ridge Ave,Asheville,NC,28803,143000,2,1.0,Oakley,988,,1938,1400,145,,Sold,,,http://www.redfin.com/NC/Asheville/18-Ridge-Ave-28803/home/102043706,NCMMLS,NCM557036,N,Y,35.5654564,-82.526553
PAST SALE,January-18-2013,Vacant Land,99999 Dawson Pl,Asheville,NC,28803,40000,,,Asheville,,52707,,1910,,,Sold,,,http://www.redfin.com/NC/Asheville/99999-Dawson-Pl-28803/home/102060444,CMLS,NCM517561,N,Y,35.5679118,-82.5190298
PAST SALE,May-19-2016,Single Family Residential,911 Old Fairview Rd,Asheville,NC,28803,190000,2,1.0,Asheville,1320,35283,1952,693,144,,Sold,,,http://www.redfin.com/NC/Asheville/911-Old-Fairview-Rd-28803/home/104228929,CMLS,3158330,N,Y,35.5644136,-82.5065391
PAST SALE,November-29-2016,Single Family Residential,205 London Rd #6,Asheville,NC,28803,187500,3,1.0,Asheville,945,11325,1961,499,198,,Sold,,,http://www.redfin.com/NC/Asheville/205-London-Rd-28803/unit-6/home/145022178,CMLS,3224099,N,Y,35.5598149,-82.5342888
PAST SALE,June-5-2015,Single Family Residential,56 Fielding St,Asheville,NC,28803,240000,3,2.0,Asheville,1422,17424,1950,1042,169,,Sold,,,http://www.redfin.com/NC/Asheville/56-Fielding-St-28803/home/102037622,CMLS,NCM576918,N,Y,35.560044,-82.5366137
PAST SALE,August-21-2015,Single Family Residential,18 First St,Asheville,NC,28803,125000,2,1.0,Oakley,986,,1925,965,127,,Sold,,,http://www.redfin.com/NC/Asheville/18-First-St-28803/home/102033566,NCMMLS,NCM589146,N,Y,35.568497,-82.528537
PAST SALE,April-29-2016,Single Family Residential,12 Onteora Oaks,Asheville,NC,28803,255250,3,2.0,Oakley,1650,,2014,713,155,25,Sold,,,http://www.redfin.com/NC/Asheville/12-Onteora-Blvd-28803/home/104459670,NCMMLS,3164751,N,Y,35.5648132,-82.5118544
PAST SALE,October-8-2013,Single Family Residential,9 Raleigh Rd,Asheville,NC,28803,231000,3,2.0,Asheville,2370,,1961,1647,97,,Sold,,,http://www.redfin.com/NC/Asheville/9-W-Raleigh-Rd-28803/home/102031570,NCMMLS,NCM546235,N,Y,35.558323,-82.513773
PAST SALE,June-16-2015,Single Family Residential,46 Shady Oak Dr,Asheville,NC,28803,163000,3,2.0,Asheville,1248,6969,2003,1031,131,,Sold,,,http://www.redfin.com/NC/Asheville/46-Shady-Oak-Dr-28803/home/102047794,CMLS,NCM582157,N,Y,35.5621026,-82.537553
PAST SALE,August-15-2014,Single Family Residential,18 Onteora Oaks,Asheville,NC,28803,216122,3,2.0,Oakley,1574,,2014,1336,137,300,Sold,,,http://www.redfin.com/NC/Asheville/18-Onteora-Blvd-28803/home/102033472,NCMMLS,NCM561160,N,Y,35.5647936,-82.511852
PAST SALE,July-22-2014,Single Family Residential,20 East Shr,Asheville,NC,28805,235000,4,3.0,Kenilworth Forest,2144,,1959,1360,110,,Sold,,,http://www.redfin.com/NC/Asheville/20-East-St-28803/home/104003568,NCMMLS,NCM562758,N,Y,35.5686994,-82.5297059
PAST SALE,July-21-2016,Vacant Land,000 Fairview,Asheville,NC,28803,60000,0,,Oakley,,30491,,630,,,Sold,,,http://www.redfin.com/NC/Asheville/0-Fairview-Rd-28803/home/104223457,NCMMLS,3158419,N,Y,35.5662625,-82.5388212
PAST SALE,April-30-2015,Vacant Land,61 Blalock,Asheville,NC,28803,110000,,,Asheville,,169884,,1078,,,Sold,,,http://www.redfin.com/NC/Asheville/61-Blalock-Ave-28803/home/102060744,CMLS,NCM556695,N,Y,35.5695473,-82.5244965
PAST SALE,February-6-2015,Single Family Residential,39 Third,Asheville,NC,28803,230000,3,2.0,Oakley,1437,,1915,1161,160,,Sold,,,http://www.redfin.com/NC/Asheville/39-Third-St-28803/home/102049251,NCMMLS,NCM572834,N,Y,35.5680129,-82.5252996
PAST SALE,March-6-2015,Single Family Residential,27 Third St,Asheville,NC,28803,217000,3,2.0,Oakley,915,,2006,1133,237,,Sold,,,http://www.redfin.com/NC/Asheville/27-Third-St-28803/home/102049264,NCMMLS,NCM576199,N,Y,35.5681858,-82.525327
PAST SALE,March-16-2015,Single Family Residential,7 Belvedere Rd,Asheville,NC,28803,155000,5,3.0,Biltmore,2581,,1958,1123,60,,Sold,,,http://www.redfin.com/NC/Asheville/7-Belvedere-Rd-28803/home/102048790,NCMMLS,NCM567385,N,Y,35.5595867,-82.5323233
PAST SALE,August-17-2017,Single Family Residential,7 Freedom Ln,Asheville,NC,28803,260250,3,2.5,Asheville,1482,9147,2005,238,176,,Sold,,,http://www.redfin.com/NC/Asheville/7-Freedom-Ln-28803/home/110928301,CMLS,3302039,N,Y,35.5599663,-82.5134465
PAST SALE,December-15-2017,Single Family Residential,165 Onteora Blvd,Asheville,NC,28803,255000,3,2.5,Asheville,1496,5662,2006,118,170,,Sold,,,http://www.redfin.com/NC/Asheville/165-Onteora-Blvd-28803/home/111218512,CMLS,3302340,N,Y,35.560214,-82.5061026
PAST SALE,February-7-2018,Single Family Residential,444 Fairview Rd,Asheville,NC,28803,190000,3,1.0,Asheville,1010,7840,1927,64,188,,Sold,,,http://www.redfin.com/NC/Asheville/444-Fairview-Rd-28803/home/110814965,CMLS,3333759,N,Y,35.5670218,-82.5257498
PAST SALE,,Single Family Residential,35 Onteora Blvd,Asheville,NC,28803,150000,3,1.0,,1278,20038,1922,,117,,,,,http://www.redfin.com/NC/Asheville/35-Onteora-Blvd-28803/home/111269911,,,N,Y,35.562824,-82.5108672
PAST SALE,January-9-2018,Single Family Residential,16 Crestland Rd,Asheville,NC,28803,172000,2,1.0,Asheville,931,12196,1958,93,185,,Sold,,,http://www.redfin.com/NC/Asheville/16-Crestland-Rd-28803/home/111286803,CMLS,3293884,N,Y,35.559878,-82.5318794
PAST SALE,February-22-2018,Single Family Residential,20 Bedford Ln,Asheville,NC,28803,242000,2,2.0,Asheville,1160,7405,2011,49,209,,Sold,,,http://www.redfin.com/NC/Asheville/20-Bedford-Ln-28803/home/111295004,CMLS,3340161,N,Y,35.5671348,-82.5125163
PAST SALE,December-8-2017,Single Family Residential,10 Brooklyn Rd,Asheville,NC,28803,230000,3,1.0,Asheville,1106,10890,2017,125,208,,Sold,,,http://www.redfin.com/NC/Asheville/10-Brooklyn-Rd-28803/home/144039739,CMLS,3327901,N,Y,35.5582216,-82.5329548
PAST SALE,February-15-2018,Single Family Residential,86 Brooklyn Rd,Asheville,NC,28803,282000,3,2.0,Asheville,1344,5227,2017,56,210,,Sold,,,http://www.redfin.com/NC/Asheville/86-Brooklyn-Rd-28803/home/111237568,CMLS,3325417,N,Y,35.558175,-82.530453
PAST SALE,December-28-2017,Vacant Land,1 Shakedown St,Asheville,NC,28803,175000,,,Asheville,,210961,,105,,,Sold,,,http://www.redfin.com/NC/Asheville/1-Shakedown-St-28803/home/102057639,CMLS,3241177,N,Y,35.5626212,-82.5026564
PAST SALE,May-5-2017,Single Family Residential,189 Onteora Blvd,Asheville,NC,28803,197900,3,1.0,Asheville,1000,10890,1968,342,198,,Sold,,,http://www.redfin.com/NC/Asheville/189-Onteora-Blvd-28803/home/111206471,CMLS,3239227,N,Y,35.5595,-82.505185
PAST SALE,,Single Family Residential,22 Hilldale Rd,Asheville,NC,28803,155000,3,2.0,,1216,8276,2010,,127,,,,,http://www.redfin.com/NC/Asheville/22-Hilldale-Rd-28803/home/111274934,,,N,Y,35.564852,-82.5082435
PAST SALE,,Single Family Residential,23 ROXBORO DR,ASHEVILLE,NC,28803,315000,3,2.5,,1578,4792,2016,,200,,,,,http://www.redfin.com/NC/ASHEVILLE/23-ROXBORO-DR-28803/home/111341451,,,N,Y,35.567015,-82.522985
PAST SALE,November-13-2017,Single Family Residential,6 East Frst,Asheville,NC,28803,650000,5,5.0,Biltmore Forest,3682,44866,1947,150,177,,Sold,,,http://www.redfin.com/NC/Asheville/6-First-St-28803/home/136945942,NCMMLS,3296988,N,Y,35.5681466,-82.528142
PAST SALE,January-19-2018,Vacant Land,440 Fairview Rd,Asheville,NC,28803,54000,,,Asheville,,6098,,83,,,Sold,,,http://www.redfin.com/NC/Asheville/440-Fairview-Rd-28803/home/144227605,CMLS,3334920,N,Y,35.5668801,-82.5260584
PAST SALE,January-19-2018,Vacant Land,14 Third St,Asheville,NC,28803,54000,,,Asheville,,6098,,83,,,Sold,,,http://www.redfin.com/NC/Asheville/14-Third-St-28803/home/144227640,CMLS,3334924,N,Y,35.5674657,-82.5255444
PAST SALE,February-16-2018,Multi-Family (2-4 Unit),Fairview Rd,Asheville,NC,28803,160000,3,2.0,Asheville,1258,3920,1933,55,127,,Sold,,,http://www.redfin.com/NC/Asheville/Fairview-Rd-28803/home/111339676,CMLS,3336636,N,Y,35.5644,-82.514145
PAST SALE,February-23-2018,Single Family Residential,"376 Fairview Rd Unit 2, BLK 3",Asheville,NC,28803,215000,3,2.0,Asheville,1537,7840,1921,48,140,,Sold,,,http://www.redfin.com/NC/Asheville/376-Fairview-Rd-28803/unit-2-BLK-3/home/142487147,CMLS,3301176,N,Y,35.568145,-82.528435
PAST SALE,,Single Family Residential,376 Fairview Rd,Asheville,NC,28803,215000,3,2.0,,1408,7841,1921,,153,,,,,http://www.redfin.com/NC/Asheville/376-Fairview-Rd-28803/home/111064057,,,N,Y,35.5681023,-82.5284342
PAST SALE,March-19-2018,Single Family Residential,124 Dodge St,Asheville,NC,28803,128200,2,1.0,Asheville,615,4356,1921,24,208,,Sold,,,http://www.redfin.com/NC/Asheville/124-Dodge-St-28803/home/111174819,CMLS,3358579,N,Y,35.5635914,-82.5397921
PAST SALE,November-27-2017,Condo/Co-op,18 Brook St #208,Asheville,NC,28803,219000,1,1.0,Asheville,660,,2004,136,332,201,Sold,,,http://www.redfin.com/NC/Asheville/18-Brook-St-28803/unit-208/home/111241340,CMLS,3320901,N,Y,35.566412,-82.539745
PAST SALE,October-13-2017,Single Family Residential,54 Cedar Smt,Asheville,NC,28803,461000,3,3.0,Cedarwood Estates,2324,47916,1998,181,198,40,Sold,,,http://www.redfin.com/NC/Asheville/54-Cedar-St-28803/home/143017278,NCMMLS,3305647,N,Y,35.5664635,-82.5134419
PAST SALE,December-28-2017,Single Family Residential,26 Baldwin St,Asheville,NC,28803,330000,4,2.0,Asheville,1974,8929,1952,105,167,,Sold,,,http://www.redfin.com/NC/Asheville/26-Baldwin-St-28803/home/110935671,CMLS,3325864,N,Y,35.5658594,-82.5120966
PAST SALE,November-29-2016,Single Family Residential,6 Onteora Oaks,Asheville,NC,28803,331500,4,3.0,Oakley Cottages,2380,7840,2014,499,139,25,Sold,,,http://www.redfin.com/NC/Asheville/6-Onteora-Blvd-28803/home/109060620,NCMMLS,3216124,N,Y,35.5648329,-82.5118568
PAST SALE,September-3-2015,Single Family Residential,2 Unaka,Asheville,NC,28803,248000,4,2.0,Linwood Park,1753,,2015,952,141,,Sold,,,http://www.redfin.com/NC/Asheville/2-Unaka-Ave-28803/home/102031522,NCMMLS,NCM588927,N,Y,35.5656223,-82.5216252
PAST SALE,July-20-2016,Single Family Residential,28 Blalock,Asheville,NC,28803,253000,3,2.0,Asheville,1465,7405,2015,631,173,,Sold,,,http://www.redfin.com/NC/Asheville/28-Blalock-Ave-28803/home/103699651,NCMMLS,3146188,N,Y,35.5680828,-82.5215599
PAST SALE,,Vacant Land,Porter Rd,Asheville,NC,28803,76000,,,,,70132,,,,,,,,http://www.redfin.com/NC/Asheville/Porter-Rd-28803/home/110867556,,,N,Y,35.55755,-82.508017
PAST SALE,,Single Family Residential,97 Glendale Ave,Asheville,NC,28803,100000,2,2.0,,700,20038,1920,,143,,,,,http://www.redfin.com/NC/Asheville/97-Glendale-Ave-28803/home/110867663,,,N,Y,35.570274,-82.523003
PAST SALE,June-12-2017,Single Family Residential,7 Winding Rd,Asheville,NC,28803,165000,2,2.0,Asheville,704,2613,1927,304,234,,Sold,,,http://www.redfin.com/NC/Asheville/7-Winding-Rd-28803/home/102043414,CMLS,3267236,N,Y,35.5690629,-82.5290154
PAST SALE,,Vacant Land,25 Crestview St,Asheville,NC,28803,330000,,,,,5227,,,,,,,,http://www.redfin.com/NC/Asheville/25-Crestview-St-28803/home/109535806,,,N,Y,35.5671696,-82.5229842
PAST SALE,July-11-2017,Single Family Residential,6 Warren Ave,Asheville,NC,28803,269000,3,2.0,Asheville,1200,13503,1947,275,224,,Sold,,,http://www.redfin.com/NC/Asheville/6-Warren-Ave-28803/home/110806909,CMLS,3287745,N,Y,35.5652708,-82.5394984
PAST SALE,October-17-2017,Vacant Land,Lot 16 Greenwood,Asheville,NC,28803,30900,0,,Asheville,,7405,,177,,,Sold,,,http://www.redfin.com/NC/Asheville/16-Greenwood-Rd-28803/home/143624174,NCMMLS,3317416,N,Y,35.563172,-82.5101593
PAST SALE,August-29-2017,Single Family Residential,111 Dodge St,Asheville,NC,28803,255000,4,3.0,Asheville,1763,23086,1968,226,145,,Sold,,,http://www.redfin.com/NC/Asheville/111-Dodge-St-28803/home/102034074,CMLS,3284982,N,Y,35.5646007,-82.5394879
PAST SALE,May-8-2017,Single Family Residential,443 Fairview Rd,Asheville,NC,28803,215000,2,1.0,Asheville,1195,11761,1954,339,180,,Sold,,,http://www.redfin.com/NC/Asheville/443-Fairview-Rd-28803/home/110855045,CMLS,3256385,N,Y,35.5666497,-82.5259189
PAST SALE,August-28-2017,Single Family Residential,754 Fairview Rd,Asheville,NC,28803,389000,3,1.0,Asheville,1484,30056,1927,227,262,,Sold,,,http://www.redfin.com/NC/Asheville/754-Fairview-Rd-28803/home/110925131,CMLS,3292733,N,Y,35.5647791,-82.5131031
PAST SALE,September-12-2017,Single Family Residential,85 Raleigh Rd,Asheville,NC,28803,205000,2,1.5,Asheville,912,10890,1955,212,225,,Sold,,,http://www.redfin.com/NC/Asheville/85-Raleigh-Rd-28803/home/111153844,CMLS,3288515,N,Y,35.5581847,-82.5073575
PAST SALE,,Single Family Residential,27 Sayles Rd,Asheville,NC,28803,218000,2,1.0,,896,12632,1926,,243,,,,,http://www.redfin.com/NC/Asheville/27-Sayles-Rd-28803/home/111254945,,,N,Y,35.5709374,-82.5148841
PAST SALE,August-15-2014,Single Family Residential,8 Oaken Ct,Asheville,NC,28803,163000,3,2.0,Twin Springs,1114,,2000,1336,146,,Sold,,,http://www.redfin.com/NC/Asheville/8-Oaken-Ct-28803/home/102050013,NCMMLS,NCM565648,N,Y,35.5633828,-82.5049495
PAST SALE,October-2-2013,Single Family Residential,189 Glendale,Asheville,NC,28803,222000,3,3.0,Asheville,1408,,2013,1653,158,,Sold,,,http://www.redfin.com/NC/Asheville/189-Glendale-Ave-28803/home/102047132,NCMMLS,NCM547137,N,Y,35.5678033,-82.5205133
PAST SALE,August-3-2016,Single Family Residential,97 Wanoca Lot 17-22,Asheville,NC,28803,181000,2,1.0,Linwood Park,1083,25264,1946,617,167,,Sold,,,http://www.redfin.com/NC/Asheville/93-Wanoca-Ave-28803/home/107601859,NCMMLS,3187797,N,Y,35.563426,-82.524457
PAST SALE,November-10-2015,Single Family Residential,161 School E,Asheville,NC,28803,125000,2,1.0,Asheville,885,,1963,884,141,,Sold,,,http://www.redfin.com/NC/Asheville/161-School-Rd-E-28803/home/102039152,NCMMLS,3118946,N,Y,35.5590128,-82.5115981
PAST SALE,September-19-2016,Single Family Residential,27 Onteora Oaks,Asheville,NC,28803,280000,3,2.0,Oakley Cottages,1814,4791,2014,570,154,25,Sold,,,http://www.redfin.com/NC/Asheville/27-Onteora-Blvd-28803/home/108540829,NCMMLS,3202902,N,Y,35.562875,-82.5111968
PAST SALE,December-6-2016,Single Family Residential,90 East St,Asheville,NC,28803,70000,3,1.0,Asheville,816,17424,1920,492,86,,Sold,,,http://www.redfin.com/NC/Asheville/90-East-St-28803/home/145036705,CMLS,3231360,N,Y,35.5702821,-82.5317103
PAST SALE,September-3-2015,Single Family Residential,2 Unaka,Asheville,NC,28803,248000,4,2.0,Asheville,1753,6534,2015,952,141,,Sold,,,http://www.redfin.com/NC/Asheville/2-Unaka-Ave-28803/home/110877913,CMLS,NCM588927,N,Y,35.5656223,-82.5216252
PAST SALE,December-21-2016,Single Family Residential,31 Crestview St,Asheville,NC,28803,306900,3,2.5,Asheville,1292,6969,2016,477,238,,Sold,,,http://www.redfin.com/NC/Asheville/31-Crestview-St-28803/home/108559801,CMLS,3205748,N,Y,35.5675029,-82.5230087
PAST SALE,September-23-2013,Single Family Residential,15 First St,Asheville,NC,28803,135000,2,1.0,Asheville,881,5662,1905,1662,153,,Sold,,,http://www.redfin.com/NC/Asheville/15-Lawterdale-Circle-1-28804/home/110877365,CMLS,NCM545666,N,Y,35.56838,-82.527914
PAST SALE,November-17-2016,Single Family Residential,16 Belvedere Rd,Asheville,NC,28803,132000,2,1.5,Asheville,875,9583,1959,511,151,,Sold,,,http://www.redfin.com/NC/Asheville/16-Belvedere-Rd-28803/home/109032407,CMLS,3216216,N,Y,35.560155,-82.533042
PAST SALE,December-15-2016,Vacant Land,43 Simpson St,Asheville,NC,28803,250000,,,Asheville,,70567,,483,,,Sold,,,http://www.redfin.com/NC/Asheville/43-Simpson-St-28803/home/102051626,CMLS,NCM523855,N,Y,35.5760752,-82.5234732
PAST SALE,February-5-2016,Single Family Residential,77 E Onteora Unit 3-4,Asheville,NC,28803,188500,3,2.0,Oakley,2208,,1951,797,85,,Sold,,,http://www.redfin.com/NC/Asheville/77-Onteora-Blvd-28803/home/102029536,NCMMLS,3120041,N,Y,35.5616916,-82.5092844
PAST SALE,February-4-2016,Single Family Residential,30 Melody Ln,Asheville,NC,28803,150000,2,1.0,Asheville,900,7405,1960,798,167,,Sold,,,http://www.redfin.com/NC/Asheville/30-Melody-Ln-28803/home/102029666,CMLS,NCM592558,N,Y,35.569359,-82.5332744
PAST SALE,February-19-2016,Single Family Residential,199 Merchant St,Asheville,NC,28803,215000,3,2.5,Asheville,1452,4791,2007,783,148,,Sold,,,http://www.redfin.com/NC/Asheville/199-Merchant-St-28803/home/102030644,CMLS,3138750,N,Y,35.5597312,-82.5163323
PAST SALE,December-1-2015,Single Family Residential,91 Unaka Ave,Asheville,NC,28803,203000,3,2.0,Asheville,1144,6969,2007,863,177,,Sold,,,http://www.redfin.com/NC/Asheville/91-Unaka-Ave-28803/home/102030712,CMLS,3122232,N,Y,35.5634656,-82.5231961
PAST SALE,April-7-2014,Single Family Residential,110 Fairview Oaks Ln,Asheville,NC,28803,267000,3,3.0,Fairview Oaks,1751,,2008,1466,152,,Sold,,,http://www.redfin.com/NC/Asheville/110-Fairview-Oaks-Ln-28803/home/102031460,NCMMLS,NCM550984,N,Y,35.5674584,-82.5245646
PAST SALE,September-20-2015,Single Family Residential,13 Cole St,Asheville,NC,28803,152000,2,1.0,Asheville,1056,6969,1943,935,144,,Sold,,,http://www.redfin.com/NC/Asheville/13-Cole-St-28803/home/102032203,CMLS,NCM588756,N,Y,35.5698308,-82.5312873
PAST SALE,December-6-2013,Single Family Residential,23 Wood,Asheville,NC,28803,132500,2,1.0,Sayles Village,924,,1926,1588,143,,Sold,,,http://www.redfin.com/NC/Asheville/23-Wood-Ave-28803/home/102032921,NCMMLS,NCM547286,N,Y,35.5713608,-82.5160065
PAST SALE,June-18-2014,Single Family Residential,51 Wilmington,Asheville,NC,28803,139000,3,2.0,Asheville,1200,,1928,1394,116,,Sold,,,http://www.redfin.com/NC/Asheville/51-Wilmington-Rd-28803/home/102033015,NCMMLS,NCM561008,N,Y,35.5638194,-82.5075734
PAST SALE,September-2-2014,Mobile/Manufactured Home,36 Broadview Dr,Asheville,NC,28803,95000,3,2.0,Asheville,1568,,1983,1318,61,,Sold,,,http://www.redfin.com/NC/Asheville/36-Broadview-Dr-28803/home/102034452,NCMMLS,NCM551807,N,Y,35.5615634,-82.5042706
PAST SALE,January-10-2013,Single Family Residential,8 Williamsburg Pl,Asheville,NC,28803,170000,3,2.5,Asheville,1565,33976,1994,1918,109,,Sold,,,http://www.redfin.com/NC/Asheville/8-Williamsburg-Pl-28803/home/102034484,CMLS,NCM529120,N,Y,35.5605319,-82.5177593
PAST SALE,May-23-2014,Single Family Residential,1 Dogwood Ln,Asheville,NC,28803,160000,3,3.0,Asheville,1390,,2008,1420,115,,Sold,,,http://www.redfin.com/NC/Asheville/1-Dogwood-Ln-28803/home/102036175,NCMMLS,NCM558483,N,Y,35.5704264,-82.5225125
PAST SALE,July-21-2014,Single Family Residential,387 Fairview Rd,Asheville,NC,28803,220300,3,3.0,Oakley,1423,,2006,1361,155,,Sold,,,http://www.redfin.com/NC/Asheville/387-Fairview-Rd-28803/home/102036310,NCMMLS,NCM563569,N,Y,35.5676788,-82.5281171
PAST SALE,May-7-2015,Single Family Residential,3 View St,Asheville,NC,28803,185000,2,1.0,Asheville,844,10890,1925,1071,219,,Sold,,,http://www.redfin.com/NC/Asheville/3-View-St-28803/home/102037360,CMLS,NCM579723,N,Y,35.5694984,-82.5310058
PAST SALE,December-28-2012,Single Family Residential,31 Ridge Ave,Asheville,NC,28803,136750,3,1.0,Asheville,1150,22651,1947,1931,119,,Sold,,,http://www.redfin.com/NC/Asheville/31-Ridge-Ave-28803/home/102038769,CMLS,NCM528519,N,Y,35.5645658,-82.5272717
PAST SALE,November-18-2013,Single Family Residential,14 Unaka,Asheville,NC,28803,140000,2,2.0,Oakley,1337,,1956,1606,105,,Sold,,,http://www.redfin.com/NC/Asheville/14-Unaka-Ave-28803/home/102039025,NCMMLS,NCM540690,N,Y,35.5646681,-82.5220717
PAST SALE,March-28-2014,Single Family Residential,6 Mctindal Cir,Asheville,NC,28803,131500,2,1.0,Twin Springs,832,,2001,1476,158,,Sold,,,http://www.redfin.com/NC/Asheville/6-McTindal-Cir-28803/home/102039240,NCMMLS,NCM553836,N,Y,35.5624692,-82.504482
PAST SALE,October-9-2013,Single Family Residential,7 Wood,Asheville,NC,28803,135000,2,1.0,Sayles Village,856,,1926,1646,158,,Sold,,,http://www.redfin.com/NC/Asheville/7-Wood-Ave-28803/home/102040067,NCMMLS,NCM541749,N,Y,35.5729736,-82.5168714
PAST SALE,January-9-2014,Single Family Residential,60 Liberty,Asheville,NC,28803,161000,2,1.0,Oakley,1044,,1927,1554,154,,Sold,,,http://www.redfin.com/NC/Asheville/60-Liberty-St-28803/home/102040086,NCMMLS,NCM543108,N,Y,35.5624029,-82.5129814
PAST SALE,November-6-2014,Single Family Residential,460 Fairview Rd,Asheville,NC,28803,115000,2,1.0,Asheville,887,,1923,1253,130,,Sold,,,http://www.redfin.com/NC/Asheville/460-Fairview-Rd-28803/home/102040570,NCMMLS,NCM560760,N,Y,35.5668602,-82.5252002
PAST SALE,August-26-2015,Single Family Residential,7 Alta Ave,Asheville,NC,28803,154500,2,1.0,Oakley,640,,1985,960,241,,Sold,,,http://www.redfin.com/NC/Asheville/7-Alta-Ave-28803/home/102040974,NCMMLS,NCM588053,N,Y,35.5644679,-82.5275781
PAST SALE,January-15-2015,Single Family Residential,12 Raleigh Rd,Asheville,NC,28803,190000,3,3.0,Oakley,1284,,2009,1183,148,,Sold,,,http://www.redfin.com/NC/Asheville/12-W-Raleigh-Rd-28803/home/102041614,NCMMLS,NCM573386,N,Y,35.5591717,-82.513658
PAST SALE,January-6-2015,Single Family Residential,21 Oakley Rd,Asheville,NC,28803,214500,3,2.0,Asheville,1710,,1934,1192,125,,Sold,,,http://www.redfin.com/NC/Asheville/21-Oakley-Rd-28803/home/102043928,NCMMLS,NCM574313,N,Y,35.5641895,-82.5109518
PAST SALE,March-14-2014,Single Family Residential,62 Westview Dr,Asheville,NC,28803,190000,2,1.0,Asheville,1070,,1907,1490,178,,Sold,,,http://www.redfin.com/NC/Asheville/62-Westview-Ave-28803/home/102044093,NCMMLS,NCM554459,N,Y,35.5650773,-82.5316207
PAST SALE,August-22-2013,Single Family Residential,19 Sayles Rd,Asheville,NC,28803,125000,2,1.0,Sayles Village,851,,1926,1694,147,,Sold,,,http://www.redfin.com/NC/Asheville/19-Sayles-Rd-28803/home/102044445,NCMMLS,NCM533799,N,Y,35.5719255,-82.5150533
PAST SALE,May-29-2015,Single Family Residential,35 Shannon Dr,Asheville,NC,28803,200600,3,1.0,Asheville,1306,22651,1951,1049,154,,Sold,,,http://www.redfin.com/NC/Asheville/35-Shannon-Dr-28803/home/102044779,CMLS,NCM581555,N,Y,35.5632093,-82.5211839
PAST SALE,January-23-2015,Single Family Residential,29 Winding Rd,Asheville,NC,28803,235000,3,3.0,Oakley,1748,,2007,1175,134,,Sold,,,http://www.redfin.com/NC/Asheville/29-Winding-Rd-28803/home/102046028,NCMMLS,NCM574760,N,Y,35.5704999,-82.5289615
PAST SALE,February-4-2014,Single Family Residential,92 Oakley,Asheville,NC,28803,136000,2,1.0,Asheville,1056,,1928,1528,129,,Sold,,,http://www.redfin.com/NC/Asheville/92-Oakley-Rd-28803/home/102047094,NCMMLS,NCM535818,N,Y,35.5638555,-82.5080877
PAST SALE,May-7-2014,Single Family Residential,89 Crayton,Asheville,NC,28803,196000,3,2.0,Oakley,1558,,2007,1436,126,,Sold,,,http://www.redfin.com/NC/Asheville/89-Crayton-Rd-28803/home/102047291,NCMMLS,NCM544395,N,Y,35.5583014,-82.5148736
PAST SALE,November-21-2013,Single Family Residential,15 Cleveland Ave,Asheville,NC,28803,154050,2,2.0,Asheville,1451,,1959,1603,106,,Sold,,,http://www.redfin.com/NC/Asheville/15-Cleveland-Ave-28803/home/102048044,NCMMLS,NCM545418,N,Y,35.5602617,-82.5078147
PAST SALE,October-11-2013,Single Family Residential,271 Fairview,Asheville,NC,28803,225000,3,3.0,Oakley,1679,,2013,1644,134,,Sold,,,http://www.redfin.com/NC/Asheville/271-Fairview-Rd-28803/home/102051029,NCMMLS,NCM537757,N,Y,35.5664849,-82.5321753
PAST SALE,February-27-2014,Single Family Residential,169 Merchant St,Asheville,NC,28803,135000,2,2.0,Asheville,1184,,1930,1505,114,,Sold,,,http://www.redfin.com/NC/Asheville/169-Merchant-St-28803/home/102051040,NCMMLS,NCM539099,N,Y,35.5602169,-82.5168526
PAST SALE,February-13-2015,Vacant Land,88 Merchant,Asheville,NC,28803,207500,0,,Oakley,,,,1154,,,Sold,,,http://www.redfin.com/NC/Asheville/88-Merchant-St-28803/home/102059979,NCMMLS,NCM575749,N,Y,35.5631627,-82.5169982
PAST SALE,February-29-2016,Single Family Residential,51 Main St,Asheville,NC,28803,145000,2,1.0,Asheville,702,19166,1955,773,207,,Sold,,,http://www.redfin.com/NC/Asheville/51-Main-St-28803/home/102150836,CMLS,3132200,N,Y,35.5647747,-82.5285821
PAST SALE,March-1-2016,Single Family Residential,8 Dawson Pl,Asheville,NC,28803,169000,3,2.0,Asheville,1252,6098,2000,772,135,,Sold,,,http://www.redfin.com/NC/Asheville/8-Dawson-Pl-28803/home/102793529,CMLS,3139885,N,Y,35.5682889,-82.518774
PAST SALE,May-13-2016,Single Family Residential,25 Pinecrest Dr,Asheville,NC,28803,176750,3,2.0,Asheville,1078,20037,2001,699,164,,Sold,,,http://www.redfin.com/NC/Asheville/25-Pinecrest-Dr-28803/home/103758246,CMLS,3145800,N,Y,35.567878,-82.5161485
PAST SALE,July-11-2016,Vacant Land,Lots Glendale,Asheville,NC,28803,70000,0,,Asheville,,48787,,640,,,Sold,,,http://www.redfin.com/NC/Asheville/26-Glendale-Ave-28803/home/103929821,NCMMLS,3146165,N,Y,35.5735116,-82.5243827
PAST SALE,May-13-2016,Single Family Residential,16 Old West Chapel Rd,Asheville,NC,28803,228000,3,2.5,Asheville,1284,11325,2010,699,178,,Sold,,,http://www.redfin.com/NC/Asheville/16-W-Old-Chapel-Rd-28803/home/104282725,CMLS,3160591,N,Y,35.5575721,-82.5139117
PAST SALE,June-8-2016,Single Family Residential,62 First,Asheville,NC,28803,195000,3,1.0,Pioneer,1314,,1964,673,148,,Sold,,,http://www.redfin.com/NC/Asheville/62-First-St-28803/home/104520425,NCMMLS,3167643,N,Y,35.5706116,-82.5283025
PAST SALE,May-31-2016,Single Family Residential,52 East St,Asheville,NC,28803,202000,3,1.0,Asheville,852,8712,1927,681,237,,Sold,,,http://www.redfin.com/NC/Asheville/52-East-St-28803/home/105233157,CMLS,3168448,N,Y,35.5693285,-82.5303381
PAST SALE,June-21-2016,Vacant Land,99999 Oakview,Asheville,NC,28803,49900,0,,Asheville,,6534,,660,,,Sold,,,http://www.redfin.com/NC/Asheville/99999-Oakview-Rd-28803/home/105299055,NCMMLS,3169651,N,Y,35.5684016,-82.5303671
PAST SALE,June-24-2016,Single Family Residential,110 Brooklyn Rd,Asheville,NC,28803,145000,3,1.5,Asheville,1100,5662,1971,657,132,,Sold,,,http://www.redfin.com/NC/Asheville/110-Brooklyn-Rd-28803/home/105534575,CMLS,3176557,N,Y,35.5581575,-82.5296707
PAST SALE,August-18-2016,Single Family Residential,5 Broadview Dr,Asheville,NC,28803,204000,2,2.0,Asheville,1196,17424,1950,602,171,,Sold,,,http://www.redfin.com/NC/Asheville/5-Broadview-Dr-28803/home/105534824,CMLS,3177623,N,Y,35.5637892,-82.5040936
PAST SALE,September-2-2016,Single Family Residential,118 Glendale Ave,Asheville,NC,28803,223000,3,2.5,Asheville,1644,19602,2008,587,136,,Sold,,,http://www.redfin.com/NC/Asheville/118-Glendale-Ave-28803/home/106009296,CMLS,3183015,N,Y,35.570182,-82.5219581
PAST SALE,September-20-2016,Single Family Residential,132 Onteora Blvd,Asheville,NC,28803,200000,2,1.0,Asheville,1251,11325,1929,569,160,,Sold,,,http://www.redfin.com/NC/Asheville/132-Onteora-Blvd-28803/home/108447150,CMLS,3200506,N,Y,35.5613598,-82.5071461
PAST SALE,September-2-2016,Single Family Residential,44 Onteora #1,Asheville,NC,28803,225500,3,1.0,Oakley,1185,9147,1925,587,190,,Sold,,,http://www.redfin.com/NC/Asheville/44-Onteora-Blvd-28803/home/108517263,NCMMLS,3203728,N,Y,35.562519,-82.5100693
PAST SALE,October-7-2016,Single Family Residential,38 Eastview Ave,Asheville,NC,28803,193000,2,1.5,Asheville,1054,11325,1927,552,183,,Sold,,,http://www.redfin.com/NC/Asheville/38-Eastview-Ave-28803/home/108658826,CMLS,3210037,N,Y,35.5658483,-82.531499
PAST SALE,January-11-2017,Single Family Residential,355 Fairview,Asheville,NC,28803,266000,3,2.0,Oakley,1440,11761,2016,456,185,,Sold,,,http://www.redfin.com/NC/Asheville/355-Fairview-Rd-28803/unit-4/home/109250452,NCMMLS,3221211,N,Y,35.5676372,-82.5293841
PAST SALE,November-29-2016,Single Family Residential,205 London #6,Asheville,NC,28803,187500,3,1.0,Chedworth Hills,945,11325,1961,499,198,,Sold,,,http://www.redfin.com/NC/Asheville/205-London-Rd-28803/home/109303642,NCMMLS,3224099,N,Y,35.5598149,-82.5342888
PAST SALE,December-1-2016,Single Family Residential,26 MAIN St,Asheville,NC,28803,235000,2,1.0,Asheville,922,13503,1948,497,255,,Sold,,,http://www.redfin.com/NC/Asheville/26-Main-St-28803/home/109477250,CMLS,3227208,N,Y,35.5657882,-82.5278582
PAST SALE,September-28-2012,Single Family Residential,5 Crestland,Asheville,NC,28803,65050,3,1.0,Asheville,875,10018,1959,2022,74,,Sold,,,http://www.redfin.com/NC/Asheville/5-Crestland-Rd-28803/home/110811304,CMLS,NCM505677,N,Y,35.558547,-82.5317409
PAST SALE,March-7-2013,Single Family Residential,4 W Raleigh Rd,Asheville,NC,28803,82000,3,1.0,Asheville,1066,6969,1920,1862,77,,Sold,,,http://www.redfin.com/NC/Asheville/4-W-Raleigh-Rd-28803/home/110824604,CMLS,NCM530532,N,Y,35.5589561,-82.5142922
PAST SALE,May-29-2012,Single Family Residential,2 Williamsburg Pl,Asheville,NC,28803,150000,3,2.0,Asheville,1680,8276,1990,2144,89,,Sold,,,http://www.redfin.com/NC/Asheville/2-Williamsburg-Pl-28803/home/110849668,CMLS,NCM487844,N,Y,35.5611117,-82.5168291
PAST SALE,March-14-2014,Single Family Residential,46 Broadview Dr,Asheville,NC,28803,152500,3,1.0,Asheville,1300,20908,1955,1490,117,,Sold,,,http://www.redfin.com/NC/Asheville/46-Broadview-Dr-28803/home/110935514,CMLS,NCM529004,N,Y,35.5603622,-82.504778
PAST SALE,June-17-2016,Single Family Residential,145 Crayton Creek Way,Asheville,NC,28803,215000,3,2.0,Asheville,1447,4791,2009,664,149,,Sold,,,http://www.redfin.com/NC/Asheville/145-Crayton-Creek-Way-28803/home/110945237,CMLS,3155341,N,Y,35.5597921,-82.5166283
PAST SALE,May-22-2013,Single Family Residential,35 First St,Asheville,NC,28803,237350,4,2.0,Asheville,1850,21780,1925,1786,128,,Sold,,,http://www.redfin.com/NC/Asheville/35-First-St-28803/home/110970063,CMLS,NCM536660,N,Y,35.5691031,-82.5277789
PAST SALE,January-20-2012,Single Family Residential,9 Winston Ave,Asheville,NC,28803,134000,3,1.5,Asheville,1365,10454,1955,2274,98,,Sold,,,http://www.redfin.com/NC/Asheville/9-Winston-Ave-28803/home/111063829,CMLS,NCM507169,N,Y,35.5595235,-82.5105559
PAST SALE,September-17-2012,Single Family Residential,25 Blalock Ave,Asheville,NC,28803,75000,1,1.0,Asheville,523,9583,1957,2033,143,,Sold,,,http://www.redfin.com/NC/Asheville/25-Blalock-Ave-28803/home/111178200,CMLS,NCM515093,N,Y,35.5677585,-82.5211839
PAST SALE,February-24-2017,Single Family Residential,7 Alta Ave,Asheville,NC,28803,169000,2,1.0,Asheville,640,5227,1985,412,264,,Sold,,,http://www.redfin.com/NC/Asheville/7-Alta-Ave-28803/home/111190041,CMLS,3239795,N,Y,35.5644679,-82.5275781
PAST SALE,April-30-2012,Single Family Residential,9 Flaxen Ln,Asheville,NC,28803,205000,3,2.5,Asheville,1496,5227,2006,2173,137,,Sold,,,http://www.redfin.com/NC/Asheville/9-Flaxen-Ln-28803/home/111222008,CMLS,NCM514084,N,Y,35.5597369,-82.5063427
PAST SALE,November-18-2015,Single Family Residential,18 Concord Pl,Asheville,NC,28803,233000,3,2.0,Asheville,1212,6969,2008,876,192,,Sold,,,http://www.redfin.com/NC/Asheville/18-Concord-Pl-28803/home/111241432,CMLS,3120081,N,Y,35.560451,-82.5093377
PAST SALE,March-19-2015,Single Family Residential,22 Parker,Asheville,NC,28803,135000,2,1.0,Sayles Village,808,,1926,1120,167,,Sold,,,http://www.redfin.com/NC/Asheville/22-Parker-Rd-28803/home/102040816,NCMMLS,NCM577848,N,Y,35.5717288,-82.515307
PAST SALE,January-25-2016,Vacant Land,261 Brooklyn Ln,Asheville,NC,28803,28000,,,Asheville,,6098,,808,,,Sold,,,http://www.redfin.com/NC/Asheville/261-Brooklyn-Ln-28803/home/111339024,CMLS,NCM593821,N,Y,35.559219,-82.5328581
PAST SALE,January-31-2014,Single Family Residential,238 London Rd,Asheville,NC,28803,69000,3,2.0,Asheville,1333,,1955,1532,52,,Sold,,,http://www.redfin.com/NC/Asheville/238-London-Rd-28803/home/102038482,NCMMLS,NCM554043,N,Y,35.559393,-82.5336548
PAST SALE,October-16-2013,Single Family Residential,87 Crayton,Asheville,NC,28803,130500,2,2.0,Asheville,978,,2008,1639,133,,Sold,,,http://www.redfin.com/NC/Asheville/87-Crayton-Rd-28803/home/102040722,NCMMLS,NCM542953,N,Y,35.5581206,-82.5150427
PAST SALE,June-1-2015,Single Family Residential,232 London,Asheville,NC,28803,150000,3,1.0,Asheville,950,12196,1955,1046,158,,Sold,,,http://www.redfin.com/NC/Asheville/232-London-Rd-28803/home/102040959,CMLS,NCM577726,N,Y,35.5595782,-82.5337288
PAST SALE,June-10-2015,Single Family Residential,28 Little Billy Ln,Asheville,NC,28803,83500,1,1.0,Asheville,1060,31798,1920,1037,79,,Sold,,,http://www.redfin.com/NC/Asheville/28-Little-Billy-Ln-28803/home/102048190,CMLS,NCM567186,N,Y,35.5689962,-82.5178438
PAST SALE,December-15-2016,Single Family Residential,140 Liberty St,Asheville,NC,28803,224900,3,2.0,Asheville,1144,7405,2016,483,197,,Sold,,,http://www.redfin.com/NC/Asheville/140-Liberty-St-28803/home/108970565,CMLS,3213003,N,Y,35.5597101,-82.5141231
PAST SALE,October-7-2016,Single Family Residential,96 Oakley Rd,Asheville,NC,28803,249000,3,2.0,Asheville,1065,5227,2013,552,234,,Sold,,,http://www.redfin.com/NC/Asheville/96-Oakley-Rd-28803/home/109017304,CMLS,3215672,N,Y,35.563785,-82.507865
PAST SALE,January-11-2013,Single Family Residential,66 First St,Asheville,NC,28803,148000,3,1.5,Asheville,910,9583,1964,1917,163,,Sold,,,http://www.redfin.com/NC/Asheville/66-First-St-28803/home/111027483,CMLS,NCM530207,N,Y,35.5708278,-82.5283811
PAST SALE,January-11-2017,Single Family Residential,355 Fairview Rd,Asheville,NC,28803,266000,3,2.0,Asheville,1440,11761,2016,456,185,,Sold,,,http://www.redfin.com/NC/Asheville/355-Fairview-Rd-28803/home/111341259,CMLS,3221211,N,Y,35.5676372,-82.5293841
PAST SALE,February-9-2017,Single Family Residential,12 Twig Ln,Asheville,NC,28803,335000,4,2.5,Asheville,1976,18730,2017,427,170,,Sold,,,http://www.redfin.com/NC/Asheville/12-Twig-Ln-28803/home/111341988,CMLS,3245721,N,Y,35.5671149,-82.5293327
PAST SALE,December-23-2014,Single Family Residential,110 Shady Oak,Asheville,NC,28803,275000,3,2.0,Chedworth Hills,1715,,1942,1206,160,,Sold,,,http://www.redfin.com/NC/Asheville/110-Shady-Oak-Dr-28803/home/102033296,NCMMLS,NCM566454,N,Y,35.560275,-82.53609
PAST SALE,November-18-2013,Single Family Residential,12 Douglas Pl,Asheville,NC,28803,105000,3,2.0,Asheville,1128,,1952,1606,93,,Sold,,,http://www.redfin.com/NC/Asheville/12-Douglas-Pl-28803/home/102034105,NCMMLS,NCM549347,N,Y,35.5630315,-82.5387031
PAST SALE,December-22-2014,Single Family Residential,73 Onteora,Asheville,NC,28803,185000,2,1.0,Oakley,1026,,1952,1207,180,,Sold,,,http://www.redfin.com/NC/Asheville/73-Onteora-Blvd-28803/home/102042455,NCMMLS,NCM573872,N,Y,35.5617779,-82.5097678
PAST SALE,October-30-2013,Single Family Residential,27 Main,Asheville,NC,28803,144650,3,1.0,Oakley,1238,,1955,1625,117,,Sold,,,http://www.redfin.com/NC/Asheville/27-Main-St-28803/home/102046937,NCMMLS,NCM545735,N,Y,35.5657791,-82.5283285
PAST SALE,September-15-2016,Single Family Residential,1 Dawson Pl,Asheville,NC,28803,230000,3,2.0,Asheville,1258,5662,2001,574,183,,Sold,,,http://www.redfin.com/NC/Asheville/1-Dawson-Pl-28803/home/108491329,CMLS,3202277,N,Y,35.5678638,-82.518774
PAST SALE,October-18-2016,Single Family Residential,38 Sayles Rd,Asheville,NC,28803,214900,3,1.0,Asheville,1234,8276,1926,541,174,,Sold,,,http://www.redfin.com/NC/Asheville/38-Sayles-Rd-28803/home/108952917,CMLS,3211937,N,Y,35.5706241,-82.5146305
PAST SALE,June-8-2016,Single Family Residential,62 First St,Asheville,NC,28803,195000,3,1.0,Asheville,1314,8712,1964,673,148,,Sold,,,http://www.redfin.com/NC/Asheville/62-First-St-28803/home/110935566,CMLS,3167643,N,Y,35.5706116,-82.5283025
PAST SALE,January-4-2012,Multi-Family (2-4 Unit),10 Unaka,Asheville,NC,28803,125000,,,Asheville,500,7405,1972,2290,250,,Sold,,,http://www.redfin.com/NC/Asheville/10-Unaka-Ave-28803/home/110962997,CMLS,NCM489047,N,Y,35.5650428,-82.5219449
PAST SALE,July-28-2015,Single Family Residential,11 West Raleigh Rd,Asheville,NC,28803,175000,3,2.0,Asheville,1144,16988,2005,989,153,,Sold,,,http://www.redfin.com/NC/Asheville/11-W-Raleigh-Rd-28803/home/111075787,CMLS,NCM588446,N,Y,35.558216,-82.5134994
PAST SALE,June-21-2016,Vacant Land,99999 Oakview Rd,Asheville,NC,28803,49900,,,Asheville,,6534,,660,,,Sold,,,http://www.redfin.com/NC/Asheville/99999-Oakview-Rd-28803/home/111254825,CMLS,3169651,N,Y,35.5684016,-82.5303671
PAST SALE,December-18-2014,Single Family Residential,34 Sayles,Asheville,NC,28803,165000,2,1.0,Sayles Village,870,,1926,1211,190,,Sold,,,http://www.redfin.com/NC/Asheville/34-Sayles-Rd-28803/home/102050023,NCMMLS,NCM565696,N,Y,35.5710838,-82.5145036
PAST SALE,January-26-2017,Condo/Co-op,49 Eastview Ave #49,Asheville,NC,28803,70000,4,2.0,Asheville,1419,,1977,441,49,75,Sold,,,http://www.redfin.com/NC/Asheville/49-Eastview-Ave-28803/unit-49/home/145048849,CMLS,3223283,N,Y,35.565317,-82.5308249
PAST SALE,April-6-2016,Single Family Residential,16 Wood Ave,Asheville,NC,28803,144500,3,2.0,Asheville,1350,6969,1926,736,107,,Sold,,,http://www.redfin.com/NC/Asheville/16-Wood-Ave-28803/home/102028825,CMLS,NCM587718,N,Y,35.5726133,-82.5162868
PAST SALE,May-31-2013,Single Family Residential,22 Vista,Asheville,NC,28803,298000,3,2.5,Asheville,2313,8276,2009,1777,129,,Sold,,,http://www.redfin.com/NC/Asheville/22-Vista-St-28803/home/102040679,CMLS,NCM530484,N,Y,35.5657707,-82.5254538
PAST SALE,October-15-2013,Single Family Residential,70 Raleigh Rd,Asheville,NC,28803,217400,3,2.0,Oakley,1445,,1940,1640,150,,Sold,,,http://www.redfin.com/NC/Asheville/70-Raleigh-Rd-28803/home/102050371,NCMMLS,NCM535236,N,Y,35.5582209,-82.5066025
PAST SALE,November-3-2015,Single Family Residential,5 Winding Rd,Asheville,NC,28803,100000,1,1.0,Asheville,893,9147,1925,891,112,,Sold,,,http://www.redfin.com/NC/Asheville/5-Winding-Rd-28803/home/102050737,CMLS,NCM593263,N,Y,35.569156,-82.5288041
PAST SALE,May-20-2016,Single Family Residential,37 Wood Ave,Asheville,NC,28803,177900,3,1.5,Asheville,1008,19602,1978,692,176,,Sold,,,http://www.redfin.com/NC/Asheville/37-Wood-Ave-28803/home/104203392,CMLS,3156199,N,Y,35.5703582,-82.5154888
PAST SALE,March-28-2012,Single Family Residential,43 Shannon Dr,Asheville,NC,28803,115000,3,1.0,Asheville,931,19166,1958,2206,124,,Sold,,,http://www.redfin.com/NC/Asheville/43-Shannon-Dr-28803/home/110854779,CMLS,NCM510775,N,Y,35.5626707,-82.5213953
PAST SALE,October-18-2012,Single Family Residential,33 Blalock Ave,Asheville,NC,28803,135500,3,1.0,Asheville,1402,30491,1930,2002,97,,Sold,,,http://www.redfin.com/NC/Asheville/33-Blalock-Ave-28803/home/111202136,CMLS,NCM521665,N,Y,35.5684947,-82.5215749
PAST SALE,September-24-2015,Single Family Residential,1 Freedom Ln,Asheville,NC,28805,265000,3,2.5,Asheville,1585,15245,2005,931,167,,Sold,,,http://www.redfin.com/NC/Asheville/1-Freedom-Ln-28803/home/102032219,CMLS,NCM591001,N,Y,35.5593917,-82.5136452
PAST SALE,September-16-2014,Single Family Residential,9 Williamsburg Pl,Asheville,NC,28803,195000,3,4.0,Oakley,1840,,1994,1304,106,,Sold,,,http://www.redfin.com/NC/Asheville/9-Williamsburg-Pl-28803/home/102035419,NCMMLS,NCM551811,N,Y,35.5610966,-82.5179533
PAST SALE,September-12-2016,Single Family Residential,24 Winding Rd,Asheville,NC,28803,174800,2,2.0,Asheville,1130,7405,1982,577,155,,Sold,,,http://www.redfin.com/NC/Asheville/24-Winding-Rd-28803/home/104327931,CMLS,3162780,N,Y,35.5703079,-82.5293853
PAST SALE,November-17-2016,Single Family Residential,69 East,Asheville,NC,28803,155000,3,1.0,Edwin L Gaston,1403,31363,1921,511,110,,Sold,,,http://www.redfin.com/NC/Asheville/69-East-St-28803/home/108955728,NCMMLS,3211577,N,Y,35.5700205,-82.5302663
PAST SALE,December-27-2012,Single Family Residential,44 W Raleigh Rd,Asheville,NC,28803,120550,3,1.5,Asheville,1305,8712,1964,1932,92,,Sold,,,http://www.redfin.com/NC/Asheville/44-W-Raleigh-Rd-28803/home/110868176,CMLS,NCM523819,N,Y,35.5586757,-82.5117401
PAST SALE,January-15-2015,Single Family Residential,12 West Raleigh Rd,Asheville,NC,28803,190000,3,2.5,Asheville,1284,16988,2009,1183,148,,Sold,,,http://www.redfin.com/NC/Asheville/12-W-Raleigh-Rd-28803/home/111027810,CMLS,NCM573386,N,Y,35.5591717,-82.513658
PAST SALE,August-21-2015,Single Family Residential,43 And 9),Asheville,NC,28803,300000,5,3.0,Skyland Springs,,,1949,965,,,Sold,,,http://www.redfin.com/NC/Asheville/306-Summit-St-28803/home/102032216,NCMMLS,NCM590982,N,Y,35.5599347,-82.5386157
PAST SALE,August-16-2013,Condo/Co-op,8 VILLAGE LN UNIT A 400,Asheville,NC,28803,410000,2,2.0,Asheville,2550,435,1931,1700,161,460,Sold,,,http://www.redfin.com/NC/Asheville/8-Village-Ln-28803/unit-400A/home/110900136,CMLS,NCM538519,N,Y,35.5645684,-82.5413687
PAST SALE,April-19-2016,Single Family Residential,4 Saint Davids Ct,Asheville,NC,28803,220000,3,2.5,Asheville,1536,7405,2002,723,143,,Sold,,,http://www.redfin.com/NC/Asheville/4-Saint-Davids-Ct-28803/home/102026416,CMLS,NCM588992,N,Y,35.5615121,-82.5123749
PAST SALE,June-13-2013,Single Family Residential,51 Cleveland Ave,Asheville,NC,28803,165000,3,1.5,Asheville,1276,10454,1946,1764,129,,Sold,,,http://www.redfin.com/NC/Asheville/51-Cleveland-Ave-28803/home/102032767,CMLS,NCM538741,N,Y,35.559782,-82.5078304
PAST SALE,May-28-2013,Single Family Residential,30 Winding Rd,Asheville,NC,28803,160000,3,2.5,Asheville,1392,6098,2001,1780,115,,Sold,,,http://www.redfin.com/NC/Asheville/30-Winding-Rd-28803/home/102034059,CMLS,NCM527764,N,Y,35.5708202,-82.5294936
PAST SALE,September-9-2015,Single Family Residential,95 Liberty St,Asheville,NC,28803,215000,3,1.5,Asheville,1368,12632,1929,946,157,,Sold,,,http://www.redfin.com/NC/Asheville/95-Liberty-St-28803/home/102038012,CMLS,NCM587900,N,Y,35.5612678,-82.5138694
PAST SALE,May-1-2015,Single Family Residential,14 Shannon Dr,Asheville,NC,28803,198500,2,1.0,Asheville,1090,16117,1947,1077,182,,Sold,,,http://www.redfin.com/NC/Asheville/14-Shannon-Dr-28803/home/102039345,CMLS,NCM579653,N,Y,35.5644841,-82.5200321
PAST SALE,August-2-2013,Single Family Residential,91 East St,Asheville,NC,28803,155000,3,1.5,Asheville,1104,4791,2009,1714,140,,Sold,,,http://www.redfin.com/NC/Asheville/91-East-St-28803/home/102040851,CMLS,NCM517722,N,Y,35.5708334,-82.5308332
PAST SALE,September-12-2014,Single Family Residential,19 Melody Ln,Asheville,NC,28803,155000,3,1.0,Oakley,939,,1960,1308,165,,Sold,,,http://www.redfin.com/NC/Asheville/19-Melody-Ln-28803/home/102046537,NCMMLS,NCM568637,N,Y,35.5687589,-82.5322897
PAST SALE,January-30-2014,Single Family Residential,197 Onteora Blvd,Asheville,NC,28803,175000,3,2.0,Asheville,1985,,2001,1533,88,,Sold,,,http://www.redfin.com/NC/Asheville/197-Onteora-Blvd-28803/home/102046684,NCMMLS,NCM544479,N,Y,35.5592308,-82.5053069
PAST SALE,March-8-2017,Single Family Residential,8 old west chapel Rd #7,Asheville,NC,28803,227000,3,2.5,Asheville,1284,10018,2009,400,177,,Sold,,,http://www.redfin.com/NC/Asheville/8-W-Old-Chapel-Rd-28803/unit-7/home/112974170,CMLS,3245636,N,Y,35.557771,-82.5143768
PAST SALE,April-8-2015,Single Family Residential,14 Dawson Pl,Asheville,NC,28803,107000,3,2.0,Oakley,1258,,2002,1100,85,,Sold,,,http://www.redfin.com/NC/Asheville/14-Dawson-Pl-28803/home/102039148,NCMMLS,NCM579469,N,Y,35.5680508,-82.5181926
PAST SALE,February-28-2017,Single Family Residential,145 Onteora Blvd,Asheville,NC,28803,235000,3,2.0,Asheville,1456,7840,2006,408,161,,Sold,,,http://www.redfin.com/NC/Asheville/145-Onteora-Blvd-28803/home/102044815,CMLS,3238029,N,Y,35.560719,-82.506943
PAST SALE,September-21-2015,Single Family Residential,136 Glendale Ave,Asheville,NC,28803,235000,3,2.5,Asheville,1375,9583,2015,934,171,,Sold,,,http://www.redfin.com/NC/Asheville/136-Glendale-Ave-28803/home/102041043,CMLS,NCM592300,N,Y,35.5696895,-82.5207095
PAST SALE,October-7-2013,Single Family Residential,185 Glendale Ave,Asheville,NC,28803,224000,3,3.0,Asheville,1408,,2013,1648,159,,Sold,,,http://www.redfin.com/NC/Asheville/185-Glendale-Ave-28803/home/102046943,NCMMLS,NCM545749,N,Y,35.5680416,-82.5205745
PAST SALE,December-19-2016,Vacant Land,9999 Glendale Ave,Asheville,NC,28803,349900,,,Asheville,,81892,,479,,,Sold,,,http://www.redfin.com/NC/Asheville/9999-Glendale-Ave-28803/home/108217611,CMLS,3191276,N,Y,35.572428,-82.523606
PAST SALE,August-14-2015,Vacant Land,0 Onteora,Asheville,NC,28803,37500,,,Asheville,,7405,,972,,,Sold,,,http://www.redfin.com/NC/Asheville/0-Onteora-Blvd-28803/home/145051611,CMLS,NCM583365,N,Y,35.5636785,-82.5115678
PAST SALE,May-16-2013,Vacant Land,0 Broadview Dr,Asheville,NC,28803,145000,,,Asheville,,210830,,1792,,,Sold,,,http://www.redfin.com/NC/Asheville/0-Broadview-Dr-28803/home/102060621,CMLS,NCM483295,N,Y,35.5650745,-82.5056086
PAST SALE,February-25-2016,Single Family Residential,231 Merchant St,Asheville,NC,28803,215000,3,2.5,Asheville,1536,13939,2004,777,140,,Sold,,,http://www.redfin.com/NC/Asheville/231-Merchant-St-28803/home/102026260,CMLS,NCM594496,N,Y,35.5588793,-82.514937
PAST SALE,January-7-2016,Single Family Residential,15 W Raleigh #3,Asheville,NC,28803,201000,3,2.0,Oakley,1165,,2005,826,173,,Sold,,,http://www.redfin.com/NC/Asheville/15-W-Raleigh-Rd-28803/home/102026509,NCMMLS,3128964,N,Y,35.5580101,-82.5129145
PAST SALE,April-14-2016,Single Family Residential,57 Ridgecrest Rd,Asheville,NC,28803,190000,2,1.0,Asheville,1080,7840,1925,728,176,,Sold,,,http://www.redfin.com/NC/Asheville/57-Ridgecrest-Rd-28803/home/102031128,CMLS,3127468,N,Y,35.563598,-82.509907
PAST SALE,February-26-2013,Single Family Residential,775 FAIRVIEW Rd,Asheville,NC,28803,145000,4,2.0,Asheville,1863,15681,1938,1871,78,,Sold,,,http://www.redfin.com/NC/Asheville/775-Fairview-Rd-28803/home/102031813,CMLS,NCM525381,N,Y,35.564821,-82.5113438
PAST SALE,September-24-2014,Single Family Residential,14 Homewood Dr,Asheville,NC,28803,155000,3,2.0,Oakwood,1030,,1993,1296,150,,Sold,,,http://www.redfin.com/NC/Asheville/14-Homewood-Dr-28803/home/102031978,NCMMLS,NCM568181,N,Y,35.568599,-82.5157128
PAST SALE,March-13-2014,Single Family Residential,12 Homewood Dr,Asheville,NC,28803,153500,3,2.0,Oakley,1265,,1993,1491,121,,Sold,,,http://www.redfin.com/NC/Asheville/12-Homewood-Dr-28803/home/102032031,NCMMLS,NCM547196,N,Y,35.568594,-82.5154761
PAST SALE,July-31-2015,Single Family Residential,52 Lincoln,Asheville,NC,28803,165000,3,3.0,Asheville,1275,11325,1961,986,129,,Sold,,,http://www.redfin.com/NC/Asheville/52-Lincoln-Ave-28803/home/102033078,CMLS,NCM585291,N,Y,35.5605666,-82.5100798
PAST SALE,July-21-2015,Single Family Residential,11 Blalock Ave,Asheville,NC,28803,180000,3,2.0,Asheville,1080,6534,2005,996,167,,Sold,,,http://www.redfin.com/NC/Asheville/11-Blalock-Ave-28803/home/102033106,CMLS,NCM587313,N,Y,35.5664989,-82.5208482
PAST SALE,July-22-2014,Single Family Residential,31 Third,Asheville,NC,28803,203000,3,2.0,Oakley,928,,2006,1360,219,,Sold,,,http://www.redfin.com/NC/Asheville/31-Third-St-28803/home/102034159,NCMMLS,NCM563304,N,Y,35.5684851,-82.5253083
PAST SALE,August-31-2015,Single Family Residential,39 Shannon Dr,Asheville,NC,28803,120000,3,1.0,Asheville,941,18730,1964,955,128,,Sold,,,http://www.redfin.com/NC/Asheville/39-Shannon-Dr-28803/home/102036795,CMLS,NCM591755,N,Y,35.5628724,-82.5213246
PAST SALE,January-2-2014,Single Family Residential,29 Hilldale,Asheville,NC,28803,155000,3,3.0,Oakley,1284,,2009,1561,121,,Sold,,,http://www.redfin.com/NC/Asheville/29-Hilldale-Rd-28803/home/102037109,NCMMLS,NCM541019,N,Y,35.5646364,-82.5088777
PAST SALE,May-8-2015,Single Family Residential,101 FAIRVIEW OAKS Ln,Asheville,NC,28803,244000,3,2.5,Asheville,1641,5227,2007,1070,149,,Sold,,,http://www.redfin.com/NC/Asheville/101-Fairview-Oaks-Ln-28803/home/102038701,CMLS,NCM579515,N,Y,35.5667045,-82.5242211
PAST SALE,April-22-2013,Single Family Residential,18 VALLEY Vw,Asheville,NC,28803,160900,3,2.0,Asheville,1325,13068,1963,1816,121,,Sold,,,http://www.redfin.com/NC/Asheville/18-Valley-View-Rd-28803/home/102038754,CMLS,NCM527124,N,Y,35.5647612,-82.5109464
PAST SALE,May-27-2014,Single Family Residential,694 Fairview Rd,Asheville,NC,28803,182500,3,1.0,Asheville,1100,,1928,1416,166,,Sold,,,http://www.redfin.com/NC/Asheville/694-Fairview-Rd-28803/home/102039920,NCMMLS,NCM558711,N,Y,35.5651588,-82.5156029
PAST SALE,September-16-2013,Single Family Residential,527 Fairview,Asheville,NC,28803,178000,3,1.0,Oakley,1205,,1925,1669,148,,Sold,,,http://www.redfin.com/NC/Asheville/527-Fairview-Rd-28803/home/102040075,NCMMLS,NCM541773,N,Y,35.5660467,-82.5223677
PAST SALE,March-14-2014,Single Family Residential,10 Harmony Ln,Asheville,NC,28803,138500,2,2.0,Oakley,1618,,,1490,86,,Sold,,,http://www.redfin.com/NC/Asheville/10-Harmony-Ln-28803/home/102041166,NCMMLS,NCM554771,N,Y,35.5640374,-82.5160258
PAST SALE,July-28-2015,Single Family Residential,11 Raleigh Rd,Asheville,NC,28803,175000,3,2.0,Oakley,1144,,2005,989,153,,Sold,,,http://www.redfin.com/NC/Asheville/11-W-Raleigh-Rd-28803/home/102042073,NCMMLS,NCM588446,N,Y,35.558216,-82.5134994
PAST SALE,September-3-2013,Single Family Residential,726 Fairview Rd,Asheville,NC,28803,132250,3,2.0,Oakley,1020,,1968,1682,130,,Sold,,,http://www.redfin.com/NC/Asheville/726-Fairview-Rd-28803/home/102042399,NCMMLS,NCM542689,N,Y,35.5648674,-82.5143345
PAST SALE,August-29-2014,Single Family Residential,85 Third St,Asheville,NC,28803,128000,2,2.0,Oakley,1115,,1983,1322,115,,Sold,,,http://www.redfin.com/NC/Asheville/85-Third-St-28803/home/102047568,NCMMLS,NCM566960,N,Y,35.5695381,-82.5252002
PAST SALE,October-22-2013,Single Family Residential,526 Fairview Rd,Asheville,NC,28803,217900,3,2.0,Oakley,1830,,1928,1633,119,,Sold,,,http://www.redfin.com/NC/Asheville/526-Fairview-Rd-28803/home/102048293,NCMMLS,NCM534466,N,Y,35.5665489,-82.5222408
PAST SALE,June-7-2013,Single Family Residential,71 Lincoln Ave,Asheville,NC,28803,224000,4,2.0,Asheville,1778,7405,1929,1770,126,,Sold,,,http://www.redfin.com/NC/Asheville/71-Lincoln-Ave-28803/home/102048311,CMLS,NCM536901,N,Y,35.5595543,-82.5103749
PAST SALE,July-9-2015,Single Family Residential,20 Old West Chapel Rd,Asheville,NC,28803,95000,2,1.0,Asheville,727,12196,1935,1008,131,,Sold,,,http://www.redfin.com/NC/Asheville/20-W-Old-Chapel-Rd-28803/home/102049883,CMLS,NCM584758,N,Y,35.5573053,-82.5135412
PAST SALE,July-18-2013,Single Family Residential,22 HARMONY Ln,Asheville,NC,28803,170000,3,1.0,Asheville,1219,13068,1962,1729,139,,Sold,,,http://www.redfin.com/NC/Asheville/22-Harmony-Ln-28803/home/102050183,CMLS,NCM537987,N,Y,35.5634423,-82.5160258
PAST SALE,March-7-2014,Single Family Residential,608 Fairview,Asheville,NC,28803,150000,3,2.0,Asheville,2023,,1962,1497,74,,Sold,,,http://www.redfin.com/NC/Asheville/608-Fairview-Rd-28803/home/102050630,NCMMLS,NCM547782,N,Y,35.5663756,-82.5194505
PAST SALE,November-20-2014,Single Family Residential,3 Broadview Dr,Asheville,NC,28803,212500,3,2.0,Asheville,1637,,1985,1239,130,,Sold,,,http://www.redfin.com/NC/Asheville/3-Broadview-Dr-28803/home/102051310,NCMMLS,NCM563931,N,Y,35.5639738,-82.5042554
PAST SALE,May-22-2015,Multi-Family (2-4 Unit),59 Ridge Rd,Asheville,NC,28803,200000,,,Asheville,600,9147,1945,1056,333,,Sold,,,http://www.redfin.com/NC/Asheville/59-Ridge-Rd-28803/home/102061655,CMLS,NCM570180,N,Y,35.5703801,-82.5141231
PAST SALE,March-6-2015,Single Family Residential,23 Hilldale Rd,Asheville,NC,28803,176500,3,3.0,Oakley,1284,,2009,1133,137,,Sold,,,http://www.redfin.com/NC/Asheville/23-Hilldale-Rd-28803/home/102039574,NCMMLS,NCM577573,N,Y,35.5647645,-82.5088825
PAST SALE,September-26-2016,Single Family Residential,22 Sayles Rd,Asheville,NC,28803,165000,2,1.0,Asheville,883,6969,1926,563,187,,Sold,,,http://www.redfin.com/NC/Asheville/22-Sayles-Rd-28803/home/108588409,CMLS,3207406,N,Y,35.5723008,-82.5146217
PAST SALE,August-31-2012,Single Family Residential,113 FAIRVIEW OAKS Ln,Asheville,NC,28803,218000,3,2.5,Asheville,1611,5662,2008,2050,135,,Sold,,,http://www.redfin.com/NC/Asheville/113-Fairview-Oaks-Ln-28803/home/111241388,CMLS,NCM520941,N,Y,35.5677271,-82.524101
PAST SALE,November-18-2016,Single Family Residential,36 Ridge Ave #19,Asheville,NC,28803,172500,2,1.0,Asheville,926,7840,1978,510,186,,Sold,,,http://www.redfin.com/NC/Asheville/36-Ridge-Ave-28803/unit-19/home/145037607,CMLS,3214906,N,Y,35.564306,-82.526895
PAST SALE,November-30-2015,Single Family Residential,29 Shady Oak Unit 11 & 12,Asheville,NC,28803,118500,2,1.0,Chedworth Hills,794,,1948,864,149,,Sold,,,http://www.redfin.com/NC/Asheville/29-Shady-Oak-Dr-28803/home/102026101,NCMMLS,3129000,N,Y,35.5625501,-82.5381247
PAST SALE,May-8-2014,Single Family Residential,331 Fairview Rd,Asheville,NC,28803,137500,3,2.0,Oakley,1056,,1929,1435,130,,Sold,,,http://www.redfin.com/NC/Asheville/331-Fairview-Rd-28803/home/102034127,NCMMLS,NCM551980,N,Y,35.5675817,-82.5299772
PAST SALE,November-17-2015,Condo/Co-op,75 Thompson St,Asheville,NC,28803,210000,1,1.0,Mica Village,956,,2007,877,220,250,Sold,,,http://www.redfin.com/NC/Asheville/75-Thompson-St-28803/home/102038324,NCMMLS,NCM588962,N,Y,35.5686569,-82.5387482
PAST SALE,December-27-2012,Single Family Residential,4 Fairview Rd,Asheville,NC,28803,179900,3,2.0,Asheville,1290,5227,2012,1932,139,,Sold,,,http://www.redfin.com/NC/Asheville/4-Fairview-Rd-28803/home/102038544,CMLS,NCM528432,N,Y,35.5671224,-82.5390233
PAST SALE,December-17-2014,Single Family Residential,9 Melody,Asheville,NC,28803,170000,3,2.0,Oakley,1426,,1960,1212,119,,Sold,,,http://www.redfin.com/NC/Asheville/9-Melody-Ln-28803/home/102043899,NCMMLS,NCM572108,N,Y,35.5679536,-82.531741
PAST SALE,April-30-2014,Single Family Residential,215 Summit St,Asheville,NC,28803,292000,3,2.0,Biltmore,2035,,1921,1443,143,,Sold,,,http://www.redfin.com/NC/Asheville/215-Summit-St-28803/home/102044430,NCMMLS,NCM555404,N,Y,35.5622956,-82.5401999
PAST SALE,September-30-2014,Single Family Residential,15 East Frst,Asheville,NC,28803,2000000,6,5.0,Biltmore Forest,5448,,1927,1290,367,,Sold,,,http://www.redfin.com/NC/Asheville/15-First-St-28803/home/102047715,NCMMLS,NCM460510,N,Y,35.5683909,-82.527948
PAST SALE,February-7-2013,Vacant Land,127 Thompson St,Asheville,NC,28803,54000,,,Asheville,,17424,,1890,,,Sold,,,http://www.redfin.com/NC/Asheville/127-Thompson-St-28803/home/102058682,CMLS,NCM529531,N,Y,35.5738616,-82.5263839
PAST SALE,May-28-2014,Multi-Family (2-4 Unit),1 St. Paul St,Asheville,NC,28803,222500,,,Asheville,3024,,,1415,74,,Sold,,,http://www.redfin.com/NC/Asheville/1-Saint-Paul-St-28803/home/102061631,NCMMLS,NCM556437,N,Y,35.5612885,-82.5387015
PAST SALE,November-3-2012,Single Family Residential,8 Ridge Ave,Asheville,NC,28803,121500,3,1.0,Asheville,950,8276,1970,1986,128,,Sold,,,http://www.redfin.com/NC/Asheville/8-Ridge-Ave-28803/home/110924754,CMLS,NCM489676,N,Y,35.5661738,-82.5264684
PAST SALE,July-20-2016,Single Family Residential,28 Blalock Ave,Asheville,NC,28803,253000,3,2.0,Asheville,1465,7405,2015,631,173,,Sold,,,http://www.redfin.com/NC/Asheville/28-Blalock-Ave-28803/home/111339729,CMLS,3146188,N,Y,35.5680828,-82.5215599
PAST SALE,March-31-2016,Single Family Residential,159 Onteora Blvd,Asheville,NC,28803,115000,2,1.0,Asheville,657,5662,1940,742,175,,Sold,,,http://www.redfin.com/NC/Asheville/159-Onteora-Blvd-28803/home/103639996,CMLS,3143030,N,Y,35.560428,-82.506389
PAST SALE,October-7-2014,Single Family Residential,48 Main,Asheville,NC,28803,213000,3,2.0,Oakley,1428,,2013,1283,149,,Sold,,,http://www.redfin.com/NC/Asheville/48-Main-St-28803/home/102050901,NCMMLS,NCM569807,N,Y,35.564906,-82.5279653
PAST SALE,February-5-2016,Single Family Residential,77 E Onteora Blvd Unit 3-4,Asheville,NC,28803,188500,3,2.0,Asheville,2208,15681,1951,797,85,,Sold,,,http://www.redfin.com/NC/Asheville/77-Onteora-Blvd-28803/unit-3-4/home/145034148,CMLS,3120041,N,Y,35.5616916,-82.5092844
PAST SALE,August-8-2014,Single Family Residential,195 Glendale Ave,Asheville,NC,28803,240612,3,3.0,Asheville,1408,,2014,1343,171,,Sold,,,http://www.redfin.com/NC/Asheville/195-Glendale-Ave-28803/home/102033898,NCMMLS,NCM561086,N,Y,35.5673341,-82.5203149
PAST SALE,October-21-2014,Single Family Residential,80 School Rd,Asheville,NC,28803,120000,2,1.0,Oakley,1040,,1925,1269,115,,Sold,,,http://www.redfin.com/NC/Asheville/80-School-Rd-E-28803/home/102036304,NCMMLS,NCM563551,N,Y,35.5621811,-82.5115657
PAST SALE,February-10-2012,Single Family Residential,30 Fairview Ave,Asheville,NC,28803,167500,3,2.5,Asheville,1357,8712,2008,2253,123,,Sold,,,http://www.redfin.com/NC/Asheville/30-Fairview-Ave-28803/home/110855057,CMLS,NCM492053,N,Y,35.5656762,-82.5154367
PAST SALE,August-3-2012,Single Family Residential,20 Steele Ave,Asheville,NC,28803,220000,3,2.0,Asheville,1354,50965,1956,2078,162,,Sold,,,http://www.redfin.com/NC/Asheville/20-Steele-Ave-28803/home/111043045,CMLS,NCM517559,N,Y,35.566804,-82.519198
PAST SALE,September-24-2015,Single Family Residential,72 Wanoca,Asheville,NC,28803,229000,3,2.5,Asheville,1500,7405,2007,931,153,,Sold,,,http://www.redfin.com/NC/Asheville/72-Wanoca-Ave-28803/home/102040671,CMLS,NCM592650,N,Y,35.563768,-82.523663
PAST SALE,January-7-2016,Single Family Residential,15 W Raleigh Rd #3,Asheville,NC,28803,201000,3,2.0,Asheville,1165,26136,2005,826,173,,Sold,,,http://www.redfin.com/NC/Asheville/15-W-Raleigh-Rd-28803/unit-3/home/145044974,CMLS,3128964,N,Y,35.5580101,-82.5129145
PAST SALE,April-13-2016,Single Family Residential,46 School Rd E,Asheville,NC,28803,183000,3,1.0,Asheville,1204,13939,1935,729,152,,Sold,,,http://www.redfin.com/NC/Asheville/46-School-Rd-E-28803/home/110928229,CMLS,3149974,N,Y,35.5632944,-82.5116779
PAST SALE,December-11-2015,Single Family Residential,68 Lincoln Ave,Asheville,NC,28803,268000,3,2.5,Asheville,1320,4791,2014,853,203,,Sold,,,http://www.redfin.com/NC/Asheville/68-Lincoln-Ave-28803/home/102026684,CMLS,3123444,N,Y,35.5596769,-82.5099676
PAST SALE,April-7-2014,Single Family Residential,35 Greenwood Rd,Asheville,NC,28803,135000,2,2.0,Oakley,1087,,1925,1466,124,,Sold,,,http://www.redfin.com/NC/Asheville/35-Greenwood-Rd-28803/home/102040754,NCMMLS,NCM554896,N,Y,35.5627044,-82.5092842
PAST SALE,March-2-2015,Single Family Residential,130 Onteora Blvd,Asheville,NC,28803,140000,3,2.0,Oakley,1152,,1950,1137,122,,Sold,,,http://www.redfin.com/NC/Asheville/130-Onteora-Blvd-28803/home/102046006,NCMMLS,NCM574688,N,Y,35.5614513,-82.5073357
PAST SALE,May-23-2016,Single Family Residential,14 Wood Ave,Asheville,NC,28803,190000,3,2.0,Asheville,1264,6534,1926,689,150,,Sold,,,http://www.redfin.com/NC/Asheville/14-Wood-Ave-28803/home/104297063,CMLS,3160867,N,Y,35.5728432,-82.5163111
PAST SALE,May-26-2016,Single Family Residential,9 Saint Davids Ct,Asheville,NC,28803,238000,3,2.5,Asheville,1536,12196,2002,686,155,,Sold,,,http://www.redfin.com/NC/Asheville/9-Saint-Davids-Ct-28803/home/104323480,CMLS,3162825,N,Y,35.5612051,-82.5130773
PAST SALE,August-8-2016,Condo/Co-op,75 Thompson St Unit C,Asheville,NC,28803,215000,1,1.0,Asheville,914,,1916,612,235,250,Sold,,,http://www.redfin.com/NC/Asheville/75-Thompson-St-28803/unit-C/home/104534833,CMLS,3168190,N,Y,35.5686569,-82.5387482
PAST SALE,September-30-2016,Single Family Residential,147 Reed St,Asheville,NC,28803,240000,2,1.5,Asheville,1462,11325,1926,559,164,,Sold,,,http://www.redfin.com/NC/Asheville/147-Reed-St-28803/home/108598029,CMLS,3202730,N,Y,35.5619258,-82.5388539
PAST SALE,March-10-2015,Single Family Residential,52 Shady Oak Dr,Asheville,NC,28803,157000,3,2.0,Asheville,1260,9583,2002,1129,125,,Sold,,,http://www.redfin.com/NC/Asheville/52-Shady-Oak-Dr-28803/home/110903051,CMLS,NCM572296,N,Y,35.5615607,-82.5370786
PAST SALE,August-21-2012,Single Family Residential,6 DOUGLAS Pl,Asheville,NC,28803,27000,2,1.0,Asheville,996,7405,1922,2060,27,,Sold,,,http://www.redfin.com/NC/Asheville/6-Douglas-Pl-28803/home/110935699,CMLS,NCM517512,N,Y,35.5628393,-82.5392262
PAST SALE,March-25-2014,Single Family Residential,64 Third St,Asheville,NC,28803,82000,3,1.0,Asheville,1232,13503,1946,1479,67,,Sold,,,http://www.redfin.com/NC/Asheville/64-Third-St-28803/home/111086752,CMLS,NCM546889,N,Y,35.5686743,-82.5256652
PAST SALE,May-22-2013,Single Family Residential,53 Cedar St,Asheville,NC,28803,162000,3,1.5,Asheville,1050,33541,1964,1786,154,,Sold,,,http://www.redfin.com/NC/Asheville/53-Cedar-St-28803/home/111138709,CMLS,NCM536054,N,Y,35.5673894,-82.5131928
PAST SALE,September-13-2012,Single Family Residential,36 Main St,Asheville,NC,28803,65800,2,1.0,Asheville,686,10454,1950,2037,96,,Sold,,,http://www.redfin.com/NC/Asheville/36-Main-St-28803/home/111193215,CMLS,NCM522797,N,Y,35.5653782,-82.5280326
PAST SALE,November-17-2017,Single Family Residential,21 Wanoca Ave Unit 4 and 5,Asheville,NC,28803,360000,2,1.0,Asheville,1560,145838,1933,146,231,,Sold,,,http://www.redfin.com/NC/Asheville/21-Wanoca-Ave-28803/unit-4-and-5/home/143667732,CMLS,3314069,N,Y,35.5658287,-82.5231843
PAST SALE,November-15-2017,Single Family Residential,138 Onteora Blvd Unit PT 1&2,Asheville,NC,28803,234000,4,2.5,Asheville,2068,14374,1930,148,113,,Sold,,,http://www.redfin.com/NC/Asheville/138-Onteora-Blvd-28803/unit-PT-1-2/home/143423615,CMLS,3313624,N,Y,35.5614884,-82.5066111
PAST SALE,November-22-2017,Single Family Residential,52 Ridge Rd,Asheville,NC,28803,175000,2,1.0,Asheville,960,13503,1969,141,182,,Sold,,,http://www.redfin.com/NC/Asheville/52-Ridge-Rd-28803/home/110858424,CMLS,3327650,N,Y,35.5706062,-82.513658
PAST SALE,,Vacant Land,241 Brooklyn Ln,Asheville,NC,28803,263000,,,,,6970,,,,,,,,http://www.redfin.com/NC/Asheville/241-Brooklyn-Ln-28803/home/110824427,,,N,Y,35.55936,-82.5329469
PAST SALE,March-6-2017,Single Family Residential,139 Crayton Creek Way,Asheville,NC,28803,242000,3,2.5,Asheville,1324,4791,2013,402,183,,Sold,,,http://www.redfin.com/NC/Asheville/139-Crayton-Creek-Way-28803/home/110916111,CMLS,3235349,N,Y,35.5596363,-82.5169852
PAST SALE,December-8-2015,Single Family Residential,125 Reed St,Asheville,NC,28803,209500,3,1.0,Asheville,918,5227,1925,856,228,,Sold,,,http://www.redfin.com/NC/Asheville/125-Reed-St-28803/home/102029916,CMLS,NCM593528,N,Y,35.563486,-82.540109
PAST SALE,November-8-2013,Single Family Residential,512 Fairview Rd,Asheville,NC,28803,195000,3,2.0,Asheville,1327,,2012,1616,147,,Sold,,,http://www.redfin.com/NC/Asheville/512-Fairview-Rd-28803/home/102032926,NCMMLS,NCM547294,N,Y,35.5666114,-82.5227489
PAST SALE,September-14-2015,Vacant Land,0 Old Fairview Rd,Asheville,NC,28803,215000,,,Asheville,,38332,,941,,,Sold,,,http://www.redfin.com/NC/Asheville/Old-Fairview-Rd-28803/home/102058358,CMLS,NCM565789,N,Y,35.565298,-82.506041
PAST SALE,June-14-2016,Vacant Land,9999 Old Fairview Rd,Asheville,NC,28803,25000,,,Asheville,,21780,,667,,,Sold,,,http://www.redfin.com/NC/Asheville/9999-Old-Fairview-Rd-28803/home/105513348,CMLS,3175599,N,Y,35.565201,-82.50501
PAST SALE,October-19-2012,Vacant Land,211 GLENDALE,Asheville,NC,28803,7000,,,Asheville,,10890,,2001,,,Sold,,,http://www.redfin.com/NC/Asheville/211-Glendale-Ave-28803/home/111075569,CMLS,NCM516849,N,Y,35.5662251,-82.5200401
PAST SALE,September-10-2015,Vacant Land,173 Onteora Blvd,Asheville,NC,28803,22500,,,Asheville,,3920,,945,,,Sold,,,http://www.redfin.com/NC/Asheville/173-Onteora-Blvd-28803/home/102061333,CMLS,NCM577302,N,Y,35.559841,-82.505436
PAST SALE,April-23-2013,Single Family Residential,131 Liberty,Asheville,NC,28803,107500,2,1.0,Asheville,968,28749,1958,1815,111,,Sold,,,http://www.redfin.com/NC/Asheville/131-Liberty-St-28803/home/102036623,CMLS,NCM529795,N,Y,35.5601811,-82.5143689
PAST SALE,February-4-2013,Single Family Residential,41 Wood Ave,Asheville,NC,28803,86200,3,1.5,Asheville,1008,15245,1978,1893,86,,Sold,,,http://www.redfin.com/NC/Asheville/41-Wood-Ave-28803/home/102036854,CMLS,NCM528762,N,Y,35.5700962,-82.5152679
PAST SALE,September-22-2015,Single Family Residential,45 Valley View Rd,Asheville,NC,28803,179500,3,1.0,Asheville,1230,6969,1934,933,146,,Sold,,,http://www.redfin.com/NC/Asheville/45-Valley-View-Rd-28803/home/102037212,CMLS,NCM585752,N,Y,35.5635433,-82.5109835
PAST SALE,September-21-2015,Single Family Residential,149 Onteora Blvd,Asheville,NC,28803,160000,2,1.0,Asheville,896,6969,1927,934,179,,Sold,,,http://www.redfin.com/NC/Asheville/149-Onteora-Blvd-28803/home/102040393,CMLS,NCM590285,N,Y,35.5606221,-82.5067338
